sl_key|value,static_label_category|value,feature_name|value,screen_list|value,sl_value_en|value,sl_value_ta|value,sl_value_hi|value,sl_value_as|value,sl_value_bn|value,sl_value_kn|value,sl_value_ml|value,sl_value_mr|value,sl_value_or|value,sl_value_te|value,sl_value_pa|value,sl_value_gu|value
﻿lbl_continue,"Vehicle Finance","Passenger vehicle","passenger vehicle_new car loan_add co applicant gaurantor screen",Continue,,,,,,,,,,,
LD1002,"Vehicle Finance","Passenger vehicle","passenger vehicle pan validation","Invalid Pincode",,,,,,,,,,,
KYC1008,"Vehicle Finance","Passenger vehicle","passenger vehicle kyc via aadhaar","Invalid OTP",,,,,,,,,,,
lbl_marital_status,"Vehicle Finance","Passenger vehicle","passenger vehicle personal employment details screen","Marital Status",,,,,,,,,,,
lbl_select_existing,"Vehicle Finance","Passenger vehicle","passenger vehicle_new car loan_add co applicant gaurantor screen","Select existing",,,,,,,,,,,
lbl_same_address_permanent,"Vehicle Finance","Passenger vehicle","passenger vehicle_existing_customer screen","Communication address is the same as permanent address",,,,,,,,,,,
lbl_pv_stepper_step_four_subtitle,"Vehicle Finance","Passenger vehicle","passenger vehicle get started screen","View and download your loan application acknowledgment.",,,,,,,,,,,
lbl_pv_stepper_overlay_step_four_subtitle,"Vehicle Finance","Passenger vehicle","passenger vehicle get started screen","View and download your loan application acknowledgement.",,,,,,,,,,,
lbl_pv_EstimatedPrice,"Vehicle Finance","Passenger vehicle","passenger vehicle offer car detail screen","₹ 11,07,200.00",,,,,,,,,,,
pv_lbl_insured_name,"Vehicle Finance","Passenger vehicle","passenger vehicle_mas insurance screen","Insured’s name",,,,,,,,,,,
pv_lbl_insured_date_of_birth,"Vehicle Finance","Passenger vehicle","passenger vehicle_mas insurance screen","Insured’s date of birth",,,,,,,,,,,
pv_lbl_insured_relation_with_applicant,"Vehicle Finance","Passenger vehicle","passenger vehicle_mas insurance screen","Insured’s relation with applicant",,,,,,,,,,,
lbl_pv_fi_thank_you_screen_document_list_title,"Vehicle Finance","Passenger vehicle","passenger vehicle field_investigation_screen","Please be ready with the documents listed below for our field agent:",,,,,,,,,,,
lbl_vl_vkyc_tnc_read_through_text,"Vehicle Finance","Passenger vehicle","passenger vehicle_liveliness vkyc screen","I’ve read through and accept the",,,,,,,,,,,
pv_dob,"Vehicle Finance","Passenger vehicle","passenger vehicle_loan detail review","Date of birth",,,,,,,,,,,
lbl_add_as,"Vehicle Finance","Passenger vehicle","passenger vehicle_new car loan_add co applicant gaurantor screen","Add as",,,,,,,,,,,
lbl_pv_offer_update_text,"Vehicle Finance","Passenger vehicle","passenger vehicle offer review screen",Update,,,,,,,,,,,
cta_pv_fi_add_detail_screen_btm_cancel_txt,"Vehicle Finance","Passenger vehicle","passenger vehicle field_investigation_screen",Cancel,,,,,,,,,,,
pv_tenure,"Vehicle Finance","Passenger vehicle","passenger vehicle offer review screen",Tenure,,,,,,,,,,,
pv_back_subtitle,"Vehicle Finance","Passenger vehicle","passenger vehicle - back screen","Your application will be saved. You can return and complete it anytime.",,,,,,,,,,,
lbl_pv_fi_add_detail_screen_btm_relation_with_txt,"Vehicle Finance","Passenger vehicle","passenger vehicle field_investigation_screen","Relationship with referrer",,,,,,,,,,,
pv_pending_action,"Vehicle Finance","Passenger vehicle","passenger vehicle_loan detail review","Pending Action",,,,,,,,,,,
pv_lbl_insured_details,"Vehicle Finance","Passenger vehicle","passenger vehicle_mas insurance screen","Insured Details",,,,,,,,,,,
pv_selected_car,"Vehicle Finance","Passenger vehicle","passenger vehicle_loan detail review","Selected car",,,,,,,,,,,
lbl_mndt_fi_additional_detail_screen_header,"Vehicle Finance","Passenger vehicle","passenger vehicle field_investigation_screen","Almost done! Last few details needed to complete the process",,,,,,,,,,,
lbl_pv_stepper_overlay_step_three_title,"Vehicle Finance","Passenger vehicle","passenger vehicle get started screen","Your profile",,,,,,,,,,,
pv_income_details,"Vehicle Finance","Passenger vehicle","passenger vehicle personal employment details screen","Income details",,,,,,,,,,,
pv_annual_income,"Vehicle Finance","Passenger vehicle","passenger vehicle personal employment details screen","Annual income",,,,,,,,,,,
lbl_pv_flat,"Vehicle Finance","Passenger vehicle","passenger vehicle_existing_customer screen","Flat/ House/ Building Name",,,,,,,,,,,
pv_health_insurance,"Vehicle Finance","Passenger vehicle","passenger vehicle_insurance screen","Health insurance",,,,,,,,,,,
err_msg_pv_same_pan,"Vehicle Finance","Passenger vehicle","passenger vehicle_new car loan_add co applicant gaurantor screen","Same PAN can not be used for Co-Applicant and Gaurantor",,,,,,,,,,,
lbl_pv_fi_add_detail_screen_btm_sheet_name_txt,"Vehicle Finance","Passenger vehicle","passenger vehicle field_investigation_screen",Name,,,,,,,,,,,
lbl_pv_fi_thank_you_screen_app_status_title,"Vehicle Finance","Passenger vehicle","passenger vehicle field_investigation_screen","We have submitted your application. Our executive will get in touch with you to discuss the offer.",,,,,,,,,,,
lbl_pv_permanant_address,"Vehicle Finance","Passenger vehicle","passenger vehicle_existing_customer screen","Permanent Address",,,,,,,,,,,
pv_add_on_funding,"Vehicle Finance","Passenger vehicle","passenger vehicle_loan detail review","Add on funding",,,,,,,,,,,
lbl_upload_income_proof,"Vehicle Finance","Passenger vehicle","passenger vehicle_insurance screen","Income proof",,,,,,,,,,,
pv_communication_address,"Vehicle Finance","Passenger vehicle","passenger vehicle_loan detail review","Communication address",,,,,,,,,,,
msg_pv_pan_fail_thankyou,"Vehicle Finance","Passenger vehicle","passenger vehicle_pan_fail_thankyou screen","We were not able to authenticate you online. We have submitted your response to our executive who will get in touch with you for next steps",,,,,,,,,,,
cta_pv_insurance_edit_screen_continue,"Vehicle Finance","Passenger vehicle","passenger vehicle_insurance screen",Continue,,,,,,,,,,,
lbl_pl_vkyc_video_ref_desc,"Vehicle Finance","Passenger vehicle",,"Lorem ipsum",,,,,,,,,,,
lbl_pv_commercial_radiobutton,"Vehicle Finance","Passenger vehicle","passenger vehicle offer car detail screen",Commercial,,,,,,,,,,,
pv_add_mas_insurance_title,"Vehicle Finance","Passenger vehicle","passenger vehicle_mas insurance screen","Mahindra Aarogya Surakhsa Insurance",,,,,,,,,,,
lbl_pv_fi_additional_detail_screen_assisted_by_txt,"Vehicle Finance","Passenger vehicle",,"Are you assisted by a Mahindra executive?",,,,,,,,,,,
msg_date_cannot_be_in_future,"Vehicle Finance","Passenger vehicle",,"Date cannot be in the future",,,,,,,,,,,
pv_bank_stmts_1,"Vehicle Finance","Passenger vehicle","passenger vehicle offer discussion screen","submit your last 6 months' bank statements for verification",,,,,,,,,,,
lbl_pv_updated_loan_offer_mas_premimum,"Vehicle Finance","Passenger vehicle","passenger vehicle_insurance review screen",premium,,,,,,,,,,,
cta_pv_continue,"Vehicle Finance","Passenger vehicle","passenger vehicle offer car detail screen",Continue,,,,,,,,,,,
msg_verifying_details,"Vehicle Finance","Passenger vehicle","passenger vehicle_bre1 screen","Please wait, verifying details...",,,,,,,,,,,
lbl_pv_let_us_know_text,"Vehicle Finance","Passenger vehicle","passenger vehicle offer car detail screen","Let us know about the car and dealer of your choice.",,,,,,,,,,,
pv_edit_loan_tenure,"Vehicle Finance","Passenger vehicle","passenger vehicle offer review screen","Edit Loan Amount & Tenure",,,,,,,,,,,
pv_lbl_insurance_name,"Vehicle Finance","Passenger vehicle","passenger vehicle_insurance screen",Name,,,,,,,,,,,
pv_funding_on_car,"Vehicle Finance","Passenger vehicle","passenger vehicle offer review screen","Funding on car",,,,,,,,,,,
lbl_pv_aadhaar_digilocker,"Vehicle Finance","Passenger vehicle","passenger vehicle kyc via aadhaar",DigiLocker,,,,,,,,,,,
lbl_pv_fi_add_detail_screen_refree_txt,"Vehicle Finance","Passenger vehicle","passenger vehicle field_investigation_screen",Refree,,,,,,,,,,,
lbl_default_err_msg,"Vehicle Finance","Passenger vehicle","passenger vehicle_salaryslipscreen","Error occurred while validating statement",,,,,,,,,,,
lbl_pv_fi_additional_detail_screen_btm_sheet_title,"Vehicle Finance","Passenger vehicle",,"Refree Details",,,,,,,,,,,
lbl_pv_document_ready_agent,"Vehicle Finance","Passenger vehicle","passenger vehicle field_investigation_screen","Please be ready with the documents listed below for our field agent:",,,,,,,,,,,
lbl_pv_fi_add_detail_screen_doc_file_sub_txt,"Vehicle Finance","Passenger vehicle","passenger vehicle field_investigation_screen","No uploads",,,,,,,,,,,
lbl_pv_coapp_enter_valid_dob,"Vehicle Finance","Passenger vehicle","passenger vehicle_new car loan_add co applicant gaurantor screen","Please enter date of birth",,,,,,,,,,,
pv_life_insurance_bold_description,"Vehicle Finance","Passenger vehicle","passenger vehicle_insurance screen","Mahindra Loan Suraksha",,,,,,,,,,,
pv_emi_due_date_txt,"Vehicle Finance","Passenger vehicle","passenger vehicle_loan detail review","th of every month",,,,,,,,,,,
pv_offer_msg_1,"Vehicle Finance","Passenger vehicle","passenger vehicle offer review screen","This offer is valid till",,,,,,,,,,,
lbl_pv_plan_to_purchase,"Vehicle Finance","Passenger vehicle","passenger vehicle offer car detail screen","Plan to purchase",,,,,,,,,,,
lbl_pv_coapp_pan_example,"Vehicle Finance","Passenger vehicle","passenger vehicle_new car loan_add co applicant gaurantor screen","Eg- AABCD4528R",,,,,,,,,,,
lbl_no_of_dependents,"Vehicle Finance","Passenger vehicle","passenger vehicle personal employment details screen",Dependents,,,,,,,,,,,
pv_error_zero,"Vehicle Finance","Passenger vehicle","passenger vehicle personal employment details screen","Should be greater than 0",,,,,,,,,,,
pv_total_exis_emis,"Vehicle Finance","Passenger vehicle","passenger vehicle personal employment details screen","Monthly EMI Amount",,,,,,,,,,,
msg_liveliness_check_allow_location,"Vehicle Finance","Passenger vehicle","passenger vehicle_liveliness check screen",Location,,,,,,,,,,,
lbl_offfer_detail_screen_checkbox_read_more_text,"Vehicle Finance","Passenger vehicle",,"Read more",,,,,,,,,,,
lbl_pv_stepper_checkbox_pop_up_alert_title,"Vehicle Finance","Passenger vehicle","passenger vehicle get started screen",Disclaimer,,,,,,,,,,,
lbl_pv_pincode,"Vehicle Finance","Passenger vehicle","passenger vehicle pan validation","PIN Code",,,,,,,,,,,
lbl_did_you_know_subtext1,"Vehicle Finance","Passenger vehicle","passenger vehicle_new car loan_add co applicant gaurantor screen","Adding co-applicant/guarantor is really",,,,,,,,,,,
pv_different_bank,"Vehicle Finance","Passenger vehicle",,"Select bank",,,,,,,,,,,
pv_gender_dlr,"Vehicle Finance","Passenger vehicle","passenger vehicle_loan detail review",Gender,,,,,,,,,,,
lbl_cta_continue,"Vehicle Finance","Passenger vehicle","passenger vehicle provisional sanction letter",Continue,,,,,,,,,,,
lbl_pv_edit_insurance_screen_mas_insurer4,"Vehicle Finance","Passenger vehicle","passenger vehicle_insurance screen","Insurer 4",,,,,,,,,,,
lbl_pv_err_req_loan_amt,"Vehicle Finance","Passenger vehicle","passenger vehicle offer car detail screen","Required loan amount cannot be empty/zero",,,,,,,,,,,
lbl_pv_discount_validation,"Vehicle Finance","Passenger vehicle","passenger vehicle offer car detail screen","Discount cannot be greater than Ex-Showroom Price",,,,,,,,,,,
lbl_pv_edit_insurance_screen_msl_title2,"Vehicle Finance","Passenger vehicle","passenger vehicle_insurance screen","(Life insurance)",,,,,,,,,,,
lbl_pv_stepper_checkbox_text,"Vehicle Finance","Passenger vehicle","passenger vehicle get started screen","I/We shall authorize and consent Mahindra & Mahindra Financial Services Limited...","நான்/நாங்கள் மஹிந்திரா & மஹிந்திரா பைனான்ஷியல் சர்வீசஸ் லிமிடெட் நிறுவனத்திற்கு அனுமதி மற்றும் ஒப்புதல் அளிக்கிறோம்…","मैं/हम महिंद्रा एंड महिंद्रा फाइनेंशियल सर्विसेज लिमिटेड को अधिकृत करता/करते हैं और सहमति प्रदान करता/करते हैं…","মই/আমି মহিন্দ্ৰা & মহিন্দ্ৰা ফাইনান্সিয়েল ছাৰ্ভিছেছ লিমিটেডক অনুমতি আৰু সম্মতি প্ৰদান কৰিম…
","আমি/আমরা মহিন্দ্রা অ্যান্ড মহিন্দ্রা ফাইন্যান্সিয়াল সার্ভিসেস লিমিটেডকে অনুমোদন ও সম্মতি প্রদান করছি…","ನಾನು/ನಾವು ಮಹೀಂದ್ರಾ & ಮಹೀಂದ್ರಾ ಫೈನಾನ್ಷಿಯಲ್ ಸರ್ವೀಸಸ್ ಲಿಮಿಟೆಡ್‌ಗೆ ಅನುಮತಿ ಮತ್ತು ಒಪ್ಪಿಗೆ ನೀಡುತ್ತೇವೆ…","ഞാൻ/ഞങ്ങൾ മഹീന്ദ്ര & മഹീന്ദ്ര ഫിനാൻഷ്യൽ സർവീസസ് ലിമിറ്റഡിന് അനുമതി നൽകുകയും സമ്മതിക്കുകയും ചെയ്യുന്നു…","मी/आम्ही महिंद्रा अँड महिंद्रा फायनान्शियल सर्व्हिसेस लिमिटेडला अधिकृत करतो/करतो आणि संमती देतो…","ମୁଁ/ଆମେ ମହିନ୍ଦ୍ରା ଏବଂ ମହିନ୍ଦ୍ରା ଫାଇନାନ୍ସିଆଲ୍ ସର୍ଭିସେସ୍ ଲିମିଟେଡ୍‌କୁ ଅନୁମୋଦନ ଏବଂ ସମ୍ମତି ଦେବୁ…","నేను/మేము మహీంద్రా & మహీంద్రా ఫైనాన్షియల్ సర్వీసెస్ లిమిటెడ్‌కు అనుమతి మరియు సమ్మతి ఇస్తాము…","ਮੈਂ/ਅਸੀਂ ਮਹਿੰਦਰਾ ਐਂਡ ਮਹਿੰਦਰਾ ਫਾਇਨੈਂਸ਼ਲ ਸਰਵਿਸਿਜ਼ ਲਿਮਿਟੇਡ ਨੂੰ ਅਧਿਕਾਰਿਤ ਕਰਾਂਗੇ ਅਤੇ ਸਹਿਮਤੀ ਦੇਵਾਂਗੇ…","હું/અમે મહિન્દ્રા એન્ડ મહિન્દ્રા ફાઇનાન્શિયલ સર્વિસિસ લિમિટેડને અધિકૃત કરીશ/કરીશું અને સંમતિ આપીશ/આપીશું…"
cta_pv_take_offline,"Vehicle Finance","Passenger vehicle","Passenger Vehicle_Digilocker_Retry Screen","Take me offline",,,,,,,,,,,
lbl_pv_edit_insurance_screen_mls_insurance_premium,"Vehicle Finance","Passenger vehicle","passenger vehicle_insurance screen","Insurance Premium",,,,,,,,,,,
pv_skip_text,"Vehicle Finance","Passenger vehicle","passenger vehicle_insurance screen",Skip,,,,,,,,,,,
lbl_liveliness_check_instruction2,"Vehicle Finance","Passenger vehicle","passenger vehicle_liveliness check screen","Ensure that your face is placed inside the frame",,,,,,,,,,,
pv_salary_slip_review_screen_sub_title,"Vehicle Finance","Passenger vehicle","passenger vehicle_salaryslipscreen","Your salary slip has been uploaded successfully. Our team is currently verifying your details and will keep you informed.
We appreciate your patience.",,,,,,,,,,,
lbl_pv_pan_details_subtitle,"Vehicle Finance","Passenger vehicle","passenger vehicle pan validation","Please add PAN details to avail your pre-approved offer",,,,,,,,,,,
lbl_pv_fi_thank_you_screen_title,"Vehicle Finance","Passenger vehicle","passenger vehicle field_investigation_thank_you_screen","Thank you",,,,,,,,,,,
lbl_pv_stepper_step_two_subtitle,"Vehicle Finance","Passenger vehicle","passenger vehicle get started screen","Keep your proforma invoice handy, if available","உங்கள் ப்ரோஃபார்மா இன்வாய்ஸை, கிடைத்தால், எப்போதும் தயாராக வைத்திருங்கள்","यदि उपलब्ध हो तो अपनी प्रोफार्मा इनवॉइस तैयार रखें","যদি উপলব্ধ থাকে, আপোনাৰ প্ৰোফৰ্মা ইনভইচ হাতত ৰাখক","যদি পাওয়া যায় তবে আপনার প্রোফর্মা ইনভয়েস হাতের কাছে রাখুন"," ಲಭ್ಯವಿದ್ದರೆ ನಿಮ್ಮ ಪ್ರೊಫಾರ್ಮಾ ಇನ್ವಾಯ್ಸ್ ಅನ್ನು ಕೈಯಲ್ಲಿ ಇಟ್ಟುಕೊಳ್ಳಿ"," ലഭ്യമെങ്കിൽ നിങ്ങളുടെ പ്രൊഫോർമ ഇൻവോയ്സ് കൈയിൽ സൂക്ഷിക്കുക","उपलब्ध असल्यास तुमचे प्रोफार्मा इनव्हॉइस जवळ ठेवा","ଯଦି ଉପଲବ୍ଧ ଥାଏ, ଆପଣଙ୍କ ପ୍ରୋଫର୍ମା ଇନଭଏସ୍ ହାତରେ ରଖନ୍ତୁ","అందుబాటులో ఉంటే మీ ప్రొఫార్మా ఇన్వాయిస్ దగ్గర ఉంచుకోండి","ਜੇ ਉਪਲਬਧ ਹੋਵੇ ਤਾਂ ਆਪਣੀ ਪ੍ਰੋਫਾਰਮਾ ਇਨਵੌਇਸ ਹੱਥ ਵਿਚ ਰੱਖੋ","ઉપલબ્ધ હોય તો તમારી પ્રોફોર્મા ઇન્વૉઇસ હાથવગી રાખો"
pv_loan_amount,"Vehicle Finance","Passenger vehicle","passenger vehicle offer review screen","Loan amount & Tenure",,,,,,,,,,,
pv_lbl_nominee_details,"Vehicle Finance","Passenger vehicle","passenger vehicle_mas insurance screen","Nominee Details",,,,,,,,,,,
err_pv_lbl_insurance_same_name,"Vehicle Finance","Passenger vehicle","passenger vehicle_insurance screen","Nominee name should not be the same as the full name.",,,,,,,,,,,
lbl_pv_optional_text,"Vehicle Finance","Passenger vehicle","passenger vehicle offer car detail screen",(Optional),,,,,,,,,,,
lbl_pv_updated_loan_offer_tenure,"Vehicle Finance","Passenger vehicle","passenger vehicle_insurance review screen",Tenure,,,,,,,,,,,
cta_pv_try_again,"Vehicle Finance","Passenger vehicle","passenger vehicle_liveliness check screen","Try again",,,,,,,,,,,
pv_resume_later,"Vehicle Finance","Passenger vehicle","passenger vehicle - back screen","Resume later",,,,,,,,,,,
lbl_pv_updated_loan_offer_total_loan_amount,"Vehicle Finance","Passenger vehicle","passenger vehicle_insurance review screen","Total loan amount",,,,,,,,,,,
pv_fees_charges,"Vehicle Finance","Passenger vehicle","passenger vehicle_loan detail review","Fees & Charges",,,,,,,,,,,
lbl_pv_new_car_loan,"Vehicle Finance","Passenger vehicle","passenger vehicle offer car detail screen","New Car Loan","புதிய கார் கடன்","नई कार ऋण","নতুন গাড়ীৰ ঋণ","নতুন গাড়ী ঋণ","ಹೊಸ ಕಾರು ಸಾಲ","പുതിയ കാർ ലോൺ","नवीन कार कर्ज","ନୂତନ କାର loan ଣ","కొత్త కారు రుణం","ਨਵੀਂ ਕਾਰ ਲੋਨ","નવી કાર લોન"
lbl_co_applicant,"Vehicle Finance","Passenger vehicle","passenger vehicle_new car loan_add co applicant gaurantor screen",Co-applicant,,,,,,,,,,,
lbl_pv_edit_insurance_screen_mas_nominee,"Vehicle Finance","Passenger vehicle","passenger vehicle_insurance screen",Nominee,,,,,,,,,,,
lbl_offfer_detail_screen_checkbox_text,"Vehicle Finance","Passenger vehicle",,"I have read through and agree ...lorem ipsum lorem ipsum lorem ipsum",,,,,,,,,,,
lbl_pv_coapp_mobile_number,"Vehicle Finance","Passenger vehicle","passenger vehicle_new car loan_add co applicant gaurantor screen","Mobile Number",,,,,,,,,,,
pv_occupation_profession,"Vehicle Finance","Passenger vehicle","passenger vehicle personal employment details screen","Occupation / Profession",,,,,,,,,,,
lbl_pv_vkyc_under_review_title,"Vehicle Finance","Passenger vehicle","pv thank you screen","VKYC Under Review",,,,,,,,,,,
msg_pv_communication_consent,"Vehicle Finance","Passenger vehicle","passenger vehicle_existing_customer screen","You will need to submit documents against the address provided, such as:",,,,,,,,,,,
lbl_pv_fi_add_detail_screen_exe_code_txt,"Vehicle Finance","Passenger vehicle","passenger vehicle field_investigation_screen","Employee executive Code",,,,,,,,,,,
lbl_upload_bank_statement,"Vehicle Finance","Passenger vehicle","passenger vehicle_insurance screen","Bank Statements",,,,,,,,,,,
lbl_no_of_earning_members,"Vehicle Finance","Passenger vehicle","passenger vehicle personal employment details screen","Earning members",,,,,,,,,,,
lbl_add_co_applicant_gurantor_info_text,"Vehicle Finance","Passenger vehicle","passenger vehicle_new car loan_add co applicant gaurantor screen","Co-applicant and primary applicant should reside in the same house.",,,,,,,,,,,
lbl_pv_fi_add_detail_screen_dd_category_txt,"Vehicle Finance","Passenger vehicle","passenger vehicle field_investigation_screen",Category,,,,,,,,,,,
pv_upload_docs,"Vehicle Finance","Passenger vehicle","passenger vehicle offer discussion screen","Upload Documents",,,,,,,,,,,
lbl_pv_city_dropdown,"Vehicle Finance","Passenger vehicle","passenger vehicle offer car detail screen",City,,,,,,,,,,,
lbl_pv_aadhaar_validation_retry_msg1,"Vehicle Finance","Passenger vehicle","passenger vehicle kyc via aadhaar","We are unable to validate Aadhaar. You have",,,,,,,,,,,
pv_lbl_relation_dropdown,"Vehicle Finance","Passenger vehicle","passenger vehicle_insurance screen","Relation with you",,,,,,,,,,,
err_pv_lbl_insurance_dob,"Vehicle Finance","Passenger vehicle","passenger vehicle_insurance screen","Nominee must be at least 18 years old.",,,,,,,,,,,
cta_pv_salary_slip_add_more,"Vehicle Finance","Passenger vehicle","passenger vehicle_salaryslipscreen","Add more",,,,,,,,,,,
lbl_pv_fi_add_detail_screen_upload_doc_file_txt,"Vehicle Finance","Passenger vehicle","passenger vehicle field_investigation_screen","Upload doc",,,,,,,,,,,
pv_eligibility_condition,"Vehicle Finance","Passenger vehicle","passenger vehicle offer discussion screen","You could be eligible for a higher loan amount, to check your eligibility, please provide:",,,,,,,,,,,
pv_mahindra_loan_suraksha,"Vehicle Finance","Passenger vehicle","passenger vehicle_loan detail review","Mahindra Loan Suraksha",,,,,,,,,,,
pv_tentative_txt,"Vehicle Finance","Passenger vehicle","passenger vehicle_loan detail review","Tentative loan offer subject to document verification and back-end check",,,,,,,,,,,
lbl_pv_aadhaar_otp_proceed,"Vehicle Finance","Passenger vehicle","passenger vehicle kyc via aadhaar",Proceed,,,,,,,,,,,
lbl_pv_updated_loan_offer_mls_premimum,"Vehicle Finance","Passenger vehicle","passenger vehicle_insurance review screen",premium,,,,,,,,,,,
lbl_pv_save,"Vehicle Finance","Passenger vehicle","passenger vehicle_existing_customer screen",Save,,,,,,,,,,,
lbl_pv_liveliness_step_msg,"Vehicle Finance","Passenger vehicle","passenger vehicle_liveliness check steps screen","You are a step away from generating your provisional acknowledgement Letter",,,,,,,,,,,
lbl_pv_place_face_frame,"Vehicle Finance","Passenger vehicle","passenger vehicle_liveliness check screen","Place your face in the frame",,,,,,,,,,,
cta_liveliness_check_open_app_settings,"Vehicle Finance","Passenger vehicle","passenger vehicle_liveliness check screen",Setings,,,,,,,,,,,
pv_mobile_number,"Vehicle Finance","Passenger vehicle","passenger vehicle_loan detail review","Mobile number",,,,,,,,,,,
pv_document_password,"Vehicle Finance","Passenger vehicle","passenger vehicle_salaryslipscreen","Document password (optional)",,,,,,,,,,,
lbl_pv_dealer,"Vehicle Finance","Passenger vehicle","passenger vehicle offer car detail screen",Dealer,,,,,,,,,,,
pv_add_coapp_guarantor,"Vehicle Finance","Passenger vehicle","passenger vehicle_loan detail review","Provide Co-applicant & Guarantor details",,,,,,,,,,,
pv_life_insurance,"Vehicle Finance","Passenger vehicle","passenger vehicle_insurance screen","Life insurance",,,,,,,,,,,
lbl_pv_stepper_overlay_step_two_title,"Vehicle Finance","Passenger vehicle","passenger vehicle get started screen","Car and Dealer Details",,,,,,,,,,,
pv_pending_disc,"Vehicle Finance","Passenger vehicle","passenger vehicle_loan detail review","Someone from our team will reach out to you for further discussions",,,,,,,,,,,
msg_pv_thankyou_talk_exec,"Vehicle Finance","Passenger vehicle","passenger vehicle thank you screen","We have submitted your request. Someone from our team will contact you to discuss the offer. Thank you for your patience.",,,,,,,,,,,
cta_pv_fi_thank_you_screen_view,"Vehicle Finance","Passenger vehicle","passenger vehicle field_investigation_screen",View,,,,,,,,,,,
pv_relationship,"Vehicle Finance","Passenger vehicle","passenger vehicle_loan detail review",Relationship,,,,,,,,,,,
pv_lbl_adult1,"Vehicle Finance","Passenger vehicle","passenger vehicle_mas insurance screen","Adult 1",,,,,,,,,,,
pv_extended_warranty,"Vehicle Finance","Passenger vehicle","passenger vehicle_loan detail review","Extended Warranty",,,,,,,,,,,
﻿lbl_lorem_ipsum,"Vehicle Finance","Passenger vehicle","passenger vehicle_new car loan_add co applicant gaurantor screen","Lorem Ipsum",,,,,,,,,,,
lbl_pv_make_model,"Vehicle Finance","Passenger vehicle","passenger vehicle offer car detail screen",Make/Model,,,,,,,,,,,
lbl_pv_Required_Loan_amount,"Vehicle Finance","Passenger vehicle","passenger vehicle offer car detail screen","Required Loan Amount",,,,,,,,,,,
lbl_pv_aadhaar_didnot_receive,"Vehicle Finance","Passenger vehicle","passenger vehicle kyc via aadhaar","Didn't receive OTP?",,,,,,,,,,,
pv_offer_msg,"Vehicle Finance","Passenger vehicle","passenger vehicle offer review screen","This offer is valid till 27th July 2024. Terms may vary subject to document verification",,,,,,,,,,,
pv_back_button_you_sure,"Vehicle Finance","Passenger vehicle","passenger vehicle - back screen","Are you sure?",,,,,,,,,,,
pv_plan_option_text,"Vehicle Finance","Passenger vehicle","passenger vehicle_mas insurance screen","Plan options",,,,,,,,,,,
lbl_requirements,"Vehicle Finance","Passenger vehicle","passenger vehicle_new car loan_add co applicant gaurantor screen",Requirements,,,,,,,,,,,
err_msg_enter_valid_dob,"Vehicle Finance","Passenger vehicle","passenger vehicle pan validation","Please enter valid date of birth",,,,,,,,,,,
lbl_pv_progress_step_two_title,"Vehicle Finance","Passenger vehicle","passenger vehicle get started screen","Car & Dealer details",,,,,,,,,,,
cta_pv_retry,"Vehicle Finance","Passenger vehicle","Passenger Vehicle_Digilocker_Retry Screen",Retry,,,,,,,,,,,
pv_lbl_2adults_1child,"Vehicle Finance","Passenger vehicle","passenger vehicle_mas insurance screen","2 Adults + 1 Child",,,,,,,,,,,
lbl_pv_drop_journey_msg,"Vehicle Finance","Passenger vehicle","Dropoff Journey","We are sorry, we will not be able to proceed with your application",,,,,,,,,,,
lbl_pl_vkyc_reference_video,"Vehicle Finance","Passenger vehicle",,"body text",,,,,,,,,,,
pv_permanent_address,"Vehicle Finance","Passenger vehicle","passenger vehicle_loan detail review","Permanent address",,,,,,,,,,,
msg_fetching_offer,"Vehicle Finance","Passenger vehicle","passenger vehicle_bre1 screen","Please wait, fetching the best offer...",,,,,,,,,,,
lbl_pv_vkyc_under_review_msg,"Vehicle Finance","Passenger vehicle","pv thank you screen","Thank you for completing your Video KYC. Our team is currently verifying your details and will keep you informed.
We appreciate your patience.",,,,,,,,,,,
lbl_pv_progress_step_three_title,"Vehicle Finance","Passenger vehicle","passenger vehicle get started screen","Your profile",,,,,,,,,,,
lbl_pv_progress_step_four_title,"Vehicle Finance","Passenger vehicle","passenger vehicle get started screen","Acknowledgement Letter ",,,,,,,,,,,
lbl_pv_aadhaar_resend_otp,"Vehicle Finance","Passenger vehicle","passenger vehicle kyc via aadhaar","Resend OTP",,,,,,,,,,,
lbl_pv_rto_charges,"Vehicle Finance","Passenger vehicle","passenger vehicle offer car detail screen","RTO Charges",,,,,,,,,,,
pv_document_charges,"Vehicle Finance","Passenger vehicle","passenger vehicle_loan detail review","Document charges",,,,,,,,,,,
lbl_pv_edit_insurance_screen_mas_insurer3,"Vehicle Finance","Passenger vehicle","passenger vehicle_insurance screen","Insurer 3",,,,,,,,,,,
lbl_pv_passport,"Vehicle Finance","Passenger vehicle","passenger vehicle_existing_customer screen",Passport,,,,,,,,,,,
lbl_pv_fi_add_detail_screen_exe_code_valid_txt,"Vehicle Finance","Passenger vehicle","passenger vehicle field_investigation_screen","Enter valid no.",,,,,,,,,,,
lbl_vl_vkyc_reference_video,"Vehicle Finance","Passenger vehicle","passenger vehicle_liveliness vkyc screen","body text",,,,,,,,,,,
lbl_pv_fi_add_detail_screen_upload_doc2_txt,"Vehicle Finance","Passenger vehicle","passenger vehicle field_investigation_screen","Proforma invoice",,,,,,,,,,,
lbl_pv_edit_insurance_screen_mas_title1,"Vehicle Finance","Passenger vehicle","passenger vehicle_insurance screen","Mahindra Arogya Suraksha",,,,,,,,,,,
lbl_pv_salary_slip_upload_doc,"Vehicle Finance","Passenger vehicle","passenger vehicle_salaryslipscreen","Upload document",,,,,,,,,,,
lbl_pv_edit_insurance_screen_mas_insurance_premium,"Vehicle Finance","Passenger vehicle","passenger vehicle_insurance screen","Insurance Premium",,,,,,,,,,,
lbl_pv_fi_add_detail_screen_reference_title,"Vehicle Finance","Passenger vehicle","passenger vehicle field_investigation_screen","Reference details",,,,,,,,,,,
lbl_pv_Miscellaneous,"Vehicle Finance","Passenger vehicle","passenger vehicle offer car detail screen",Miscellaneous,,,,,,,,,,,
cta_pv_pan_details_proceed,"Vehicle Finance","Passenger vehicle","passenger vehicle pan validation",Proceed,,,,,,,,,,,
lbl_pv_enter_six_digit_aadhaar_otp,"Vehicle Finance","Passenger vehicle","passenger vehicle kyc via aadhaar","Enter the 6-digit Aadhaar OTP sent to your registered mobile number",,,,,,,,,,,
lbl_pv_edit_insurance_screen_mas_insurer1,"Vehicle Finance","Passenger vehicle","passenger vehicle_insurance screen","Insurer 1",,,,,,,,,,,
pv_use,"Vehicle Finance","Passenger vehicle","passenger vehicle_loan detail review",Use,,,,,,,,,,,
pv_salary_slip_title,"Vehicle Finance","Passenger vehicle","passenger vehicle_salaryslipscreen","Great going! We just need 1 more document to calculate your final offer.",,,,,,,,,,,
pv_life_insurance_msg3,"Vehicle Finance","Passenger vehicle","passenger vehicle_insurance screen","Disability coverage",,,,,,,,,,,
msg_pv_attempts2,"Vehicle Finance","Passenger vehicle","Passenger Vehicle_Digilocker_Retry Screen","attempts left",,,,,,,,,,,
pv_income_proof_1,"Vehicle Finance","Passenger vehicle","passenger vehicle offer discussion screen","Provide your recent 3 months' salary slips or the ITR File.",,,,,,,,,,,
lbl_preferable_residence,"Vehicle Finance","Passenger vehicle","passenger vehicle_new car loan_add co applicant gaurantor screen","Applicants with a residential address are preferred",,,,,,,,,,,
pv_disbursement_to_dealer,"Vehicle Finance","Passenger vehicle","passenger vehicle_loan detail review","Disbursement to Dealer",,,,,,,,,,,
lbl_pv_aadhaar_loading,"Vehicle Finance","Passenger vehicle","passenger vehicle kyc via aadhaar",Loading...,,,,,,,,,,,
lbl_pv_loading,"Vehicle Finance","Passenger vehicle","passenger vehicle kyc via aadhaar",Loading,,,,,,,,,,,
pv_car_details,"Vehicle Finance","Passenger vehicle","passenger vehicle_loan detail review","Car details",,,,,,,,,,,
lbl_pv_stepper_overlay_step_three_subtitle,"Vehicle Finance","Passenger vehicle","passenger vehicle get started screen","<ul><li>KYC</li><li>Personal details</li><li>Employment details</li></ul>",,,,,,,,,,,
pv_other_charges,"Vehicle Finance","Passenger vehicle","passenger vehicle_loan detail review","Other charges",,,,,,,,,,,
pv_cancel,"Vehicle Finance","Passenger vehicle","passenger vehicle_loan detail review",Cancel,,,,,,,,,,,
pv_coapplicant,"Vehicle Finance","Passenger vehicle","passenger vehicle_loan detail review",Co-applicant,,,,,,,,,,,
pv_insurance_currency,"Vehicle Finance","Passenger vehicle","passenger vehicle_insurance screen",currency,,,,,,,,,,,
err_msg_inComeAssessment_retry_part_two,"Vehicle Finance","Passenger vehicle","BankStatement Analysis","attempts remaining",,,,,,,,,,,
msg_pv_attempts1,"Vehicle Finance","Passenger vehicle","Passenger Vehicle_Digilocker_Retry Screen","You have",,,,,,,,,,,
lbl_pv_fi_add_detail_screen_upload_doc3_txt,"Vehicle Finance","Passenger vehicle","passenger vehicle field_investigation_screen","Work address proof (optional)",,,,,,,,,,,
pv_lbl_2adults,"Vehicle Finance","Passenger vehicle","passenger vehicle_mas insurance screen","Adult 2",,,,,,,,,,,
lbl_pv_no_of_years_text,"Vehicle Finance","Passenger vehicle","passenger vehicle_existing_customer screen","No. of years at communication address",,,,,,,,,,,
lbl_pv_fi_add_detail_screen_doc_sub_title_txt,"Vehicle Finance","Passenger vehicle","passenger vehicle field_investigation_screen","File size should not exceed 2MB and must be in PNG, JPEG, JPG or PDF format only.",,,,,,,,,,,
pv_select_verification_mode_sub_title,"Vehicle Finance","Passenger vehicle","passenger vehicle_income verification screen","Verify your income details to evaluate your eligibility and get a better loan offer",,,,,,,,,,,
pv_insurance_premium_text,"Vehicle Finance","Passenger vehicle","passenger vehicle_insurance screen","Insurance premium",,,,,,,,,,,
lbl_select_emi_date,"Vehicle Finance","Passenger vehicle","Mandate Select Bank Screen","Select EMI due date",,,,,,,,,,,
lbl_pv_fi_add_detail_screen_btm_sheet_title,"Vehicle Finance","Passenger vehicle","passenger vehicle field_investigation_screen","Refree Details",,,,,,,,,,,
err_msg_mas_age,"Vehicle Finance","Passenger vehicle","Mas add Insurance","Nominee age must be between %s1 and %s2",,,,,,,,,,,
lbl_pv_not_able_to_fetch_details,"Vehicle Finance","Passenger vehicle","passenger vehicle kyc via aadhaar","We are not able to fetch your details. Try with Aadhaar xml.",,,,,,,,,,,
pv_add_nominee_details,"Vehicle Finance","Passenger vehicle","passenger vehicle_insurance screen","Nominee Details",,,,,,,,,,,
lbl_improve_chances_for_application,"Vehicle Finance","Passenger vehicle","passenger vehicle_new car loan_add co applicant gaurantor screen","To improve your chances of approval, we need the following in your application",,,,,,,,,,,
lbl_liveliness_check_a_step_away,"Vehicle Finance","Passenger vehicle","passenger vehicle_liveliness check screen","You are a step away from generating your provisional acknowledgement Letter",,,,,,,,,,,
lbl_pv_cancel,"Vehicle Finance","Passenger vehicle","passenger vehicle_existing_customer screen",Cancel,,,,,,,,,,,
lbl_pv_get_otp,"Vehicle Finance","Passenger vehicle","passenger vehicle kyc via aadhaar","Get OTP",,,,,,,,,,,
pv_lbl_2adults_2child,"Vehicle Finance","Passenger vehicle","passenger vehicle_mas insurance screen","2 Adults + 2 Child",,,,,,,,,,,
msg_pv_copied,"Vehicle Finance","Passenger vehicle","passenger vehicle_thank you screen",Copied,,,,,,,,,,,
pv_female,"Vehicle Finance","Passenger vehicle","passenger vehicle personal employment details screen",Female,,,,,,,,,,,
NB0001,"Vehicle Finance","Passenger vehicle","passenger vehicle_income verification screen","Select different bank or different verification mode as with selected bank,netBanking option not available",,,,,,,,,,,
lbl_liveliness_check_instruction1,"Vehicle Finance","Passenger vehicle","passenger vehicle_liveliness check screen","Take a selfie with your camera",,,,,,,,,,,
lbl_adding_coapplicant_guarantor_msg,"Vehicle Finance","Passenger vehicle","passenger vehicle_new car loan_add co applicant gaurantor screen","Adding a co-applicant / guarantor could increase your chances to get a better loan offer",,,,,,,,,,,
pv_coverage_option_dropdown,"Vehicle Finance","Passenger vehicle","passenger vehicle_mas insurance screen","Coverage options",,,,,,,,,,,
pv_in_months,"Vehicle Finance","Passenger vehicle","passenger vehicle offer review screen","(in months)",,,,,,,,,,,
lbl_pv_fi_thank_you_screen_sanction_letter_text,"Vehicle Finance","Passenger vehicle","passenger vehicle field_investigation_screen","Acknowledgement Letter",,,,,,,,,,,
lbl_pv_stepper_step_five_subtitle,"Vehicle Finance","Passenger vehicle","passenger vehicle get started screen","Get your Loan offer disbursed to your account with this final step","உங்கள் கடன் சலுகையை இறுதி படியாக உங்கள் கணக்கில் வழங்கிக் கொள்ளுங்கள்","अपने ऋण प्रस्ताव को इस अंतिम चरण से अपने खाते में वितरित कराएँ","এই শেষ পদক্ষেপৰে আপোনাৰ ঋণ প্ৰস্তাৱ আপোনাৰ একাউন্টত বিতৰণ কৰক","এই শেষ ধাপের মাধ্যমে আপনার ঋণ প্রস্তাব আপনার অ্যাকাউন্টে বিতরণ করুন","ಈ ಅಂತಿಮ ಹಂತದ ಮೂಲಕ ನಿಮ್ಮ ಸಾಲದ ಆಫರ್ ಅನ್ನು ನಿಮ್ಮ ಖಾತೆಗೆ ವಿತರಿಸಿಕೊಳ್ಳಿ","ഈ അന്തിമ ഘട്ടത്തിലൂടെ നിങ്ങളുടെ വായ്പാ ഓഫർ നിങ്ങളുടെ അക്കൗണ്ടിലേക്ക് വിതരണം ചെയ്യുക","या अंतिम टप्प्यातून तुमची कर्ज ऑफर तुमच्या खात्यात वितरित करा","ଏହି ଶେଷ ପଦକ୍ଷେପରେ ଆପଣଙ୍କ ଋଣ ପ୍ରସ୍ତାବକୁ ଆପଣଙ୍କ ଖାତାରେ ବିତରଣ କରନ୍ତୁ","ఈ చివరి దశ ద్వారా మీ రుణ ఆఫర్‌ను మీ ఖాతాలో జమ చేసుకోండి","ਇਸ ਆਖਰੀ ਕਦਮ ਨਾਲ ਆਪਣੀ ਕਰਜ਼ੇ ਦੀ ਪੇਸ਼ਕਸ਼ ਆਪਣੇ ਖਾਤੇ ਵਿੱਚ ਜਮ੍ਹਾ ਕਰਵਾਓ","આ અંતિમ પગથિયાથી તમારી લોન ઓફર તમારા ખાતામાં વિતરણ કરો"
lbl_relationship,"Vehicle Finance","Passenger vehicle","passenger vehicle_new car loan_add co applicant gaurantor screen","Relation with you",,,,,,,,,,,
lbl_pv_street,"Vehicle Finance","Passenger vehicle","passenger vehicle_existing_customer screen","Street / Area / Locality",,,,,,,,,,,
pv_cta_life_insurance,"Vehicle Finance","Passenger vehicle","passenger vehicle_insurance screen",Add,,,,,,,,,,,
lbl_pv_something_went_wrong_title,"Vehicle Finance","Passenger vehicle","Api Failure Screen","Something went wrong",,,,,,,,,,,
lbl_pv_fi_additional_detail_screen_consent_txt,"Vehicle Finance","Passenger vehicle",,"I hereby declare that I am not related to any director or any senior officer of any bank/NBFC (including MMFSL)",,,,,,,,,,,
lbl_pv_liveliness_step2,"Vehicle Finance","Passenger vehicle","passenger vehicle_liveliness check steps screen","Ensure that your face is placed inside the frame",,,,,,,,,,,
lbl_upload_income_proof_desc,"Vehicle Finance","Passenger vehicle","passenger vehicle_insurance screen","Provide your recent 3 months’ salary slips or the ITR File. ",,,,,,,,,,,
lbl_pv_stepper_headline,"Vehicle Finance","Passenger vehicle","passenger vehicle get started screen","Avail you car loan in quick and easy steps from wherever you are....",,,,,,,,,,,
lbl_pv_exshowroom_price,"Vehicle Finance","Passenger vehicle","passenger vehicle offer car detail screen","Ex-showroom Price",,,,,,,,,,,
lbl_pv_discount,"Vehicle Finance","Passenger vehicle","passenger vehicle offer car detail screen",Discounts,,,,,,,,,,,
pv_salary_slip_upload_sub_text,"Vehicle Finance","Passenger vehicle",,"Single file size limit is 5 MB. Accepted file types include PNG, JPEG, JPG or PDF format only.",,,,,,,,,,,
pv_error_yoe,"Vehicle Finance","Passenger vehicle","passenger vehicle personal employment details screen","Cannot be greater than age",,,,,,,,,,,
pv_mahindra_arogya_suraksha,"Vehicle Finance","Passenger vehicle","passenger vehicle_loan detail review","Mahindra Aarogya Suraksha",,,,,,,,,,,
lbl_pv_RtoCharges_HelperText,"Vehicle Finance","Passenger vehicle","passenger vehicle offer car detail screen","Tentative price ₹5,500",,,,,,,,,,,
pv_offer_msg_bold,"Vehicle Finance","Passenger vehicle","passenger vehicle offer review screen","We have created a best offer for you",,,,,,,,,,,
pv_emi_frequency,"Vehicle Finance","Passenger vehicle","passenger vehicle_loan detail review","EMI Frequency",,,,,,,,,,,
lbl_pv_updated_loan_offer_sub_header,"Vehicle Finance","Passenger vehicle","passenger vehicle_insurance review screen","Your personalised offer is ready! 
Valid till (DATE). Terms may vary subject to document verification.


",,,,,,,,,,,
pv_emi_due_date,"Vehicle Finance","Passenger vehicle","passenger vehicle_loan detail review","EMI Due date",,,,,,,,,,,
lbl_pv_communication_address,"Vehicle Finance","Passenger vehicle","passenger vehicle_existing_customer screen","Communication Address",,,,,,,,,,,
lbl_pv_fi_additional_detail_screen_upload_doc_txt,"Vehicle Finance","Passenger vehicle",,"Upload documents",,,,,,,,,,,
lbl_pv_thank_you_title,"Vehicle Finance","Passenger vehicle","pv thank you screen","Thank you for your response",,,,,,,,,,,
lbl_pv_update_text,"Vehicle Finance","Passenger vehicle","passenger vehicle_existing_customer screen",Update,,,,,,,,,,,
lbl_pv_ticket_no,"Vehicle Finance","Passenger vehicle","passenger vehicle_thank you screen","Service ticket no.",,,,,,,,,,,
pv_talk_to_exec,"Vehicle Finance","Passenger vehicle","passenger vehicle offer discussion screen","Get a call from us!",,,,,,,,,,,
lbl_pv_car_insurance,"Vehicle Finance","Passenger vehicle","passenger vehicle offer car detail screen","Car Insurance",,,,,,,,,,,
pv_salary_slip_tool_tip_text,"Vehicle Finance","Passenger vehicle","passenger vehicle_salaryslipscreen","upload documents",,,,,,,,,,,
lbl_no_vehicles_owned,"Vehicle Finance","Passenger vehicle","passenger vehicle personal employment details screen","No. of vehicles owned",,,,,,,,,,,
pv_guarantor,"Vehicle Finance","Passenger vehicle","passenger vehicle_loan detail review",Guarantor,,,,,,,,,,,
cta_pv_stepper_get_started,"Vehicle Finance","Passenger vehicle","passenger vehicle get started screen","Get started",தொடங்குங்கள்,"शुरू करें","আৰম্ভ কৰক","শুরু করুন",ಪ್ರಾರಂಭಿಸಿ,ആരംഭിക്കുക,"सुरू करा","ଆରମ୍ଭ କରନ୍ତୁ",ప్రారంభించండి,"ਸ਼ੁਰੂ ਕਰੋ","શરૂ કરો"
lbl_pv_edit_insurance_screen_mas_insurer2,"Vehicle Finance","Passenger vehicle","passenger vehicle_insurance screen","Insurer 2",,,,,,,,,,,
msg_pv_low_success_rate,"Vehicle Finance","Passenger vehicle","passenger vehicle_income verification screen","Currently this mode is facing low success rate",,,,,,,,,,,
msg_pv_otp_mpin_error,"Vehicle Finance","Passenger vehicle","passenger vehicle kyc via aadhaar","Something went wrong. Please try after 20 minutes.",,,,,,,,,,,
lbl_pv_drop_journey_title,"Vehicle Finance","Passenger vehicle","Dropoff Journey","We cannot proceed further at this time.",,,,,,,,,,,
pv_lbl_mls_insurance_consent1,"Vehicle Finance","Passenger vehicle","passenger vehicle_mas insurance screen","I have read through and agree with all the",,,,,,,,,,,
pv_repayment_amount,"Vehicle Finance","Passenger vehicle","passenger vehicle_loan detail review","Repayment amount",,,,,,,,,,,
lbl_pv_aadhaar_enter_otp,"Vehicle Finance","Passenger vehicle","passenger vehicle kyc via aadhaar","Enter OTP",,,,,,,,,,,
pv_processing_fee_incl_gst,"Vehicle Finance","Passenger vehicle","passenger vehicle_loan detail review","Processing fee (incl. GST)",,,,,,,,,,,
err_msg_pv_aadhaar_retry_part_one,"Vehicle Finance","Passenger vehicle","passenger vehicle pan validation","We are unable to validate Aadhaar. Please try again.",,,,,,,,,,,
lbl_pv_car_usage,"Vehicle Finance","Passenger vehicle","passenger vehicle offer car detail screen","Car usage",,,,,,,,,,,
msg_pv_something_went_wrong,"Vehicle Finance","Passenger vehicle","passenger vehicle kyc via aadhaar","Something went wrong. Please try again",,,,,,,,,,,
pv_nominee_details,"Vehicle Finance","Passenger vehicle","passenger vehicle_loan detail review","Nominee details",,,,,,,,,,,
lbl_pv_congratulations,"Vehicle Finance","Passenger vehicle","passenger vehicle offer review screen",Congratulations!,,,,,,,,,,,
btn_pv_check_eligibility,"Vehicle Finance","Passenger vehicle","passenger vehicle_thank you screen","Check Eligibility",,,,,,,,,,,
pv_family_radio_text,"Vehicle Finance","Passenger vehicle","passenger vehicle_mas insurance screen",Family,,,,,,,,,,,
pv_father_name,"Vehicle Finance","Passenger vehicle","passenger vehicle personal employment details screen","Father's Name",,,,,,,,,,,
lbl_pv_updated_loan_offer_header,"Vehicle Finance","Passenger vehicle","passenger vehicle_insurance review screen","We have updated the offer for you",,,,,,,,,,,
msg_pv_check_eligibility_msg1,"Vehicle Finance","Passenger vehicle","passenger vehicle_thank you screen","Only takes a moment",,,,,,,,,,,
lbl_pv_loan_eligible,"Vehicle Finance","Passenger vehicle","passenger vehicle get started screen","You are eligible for a pre-approved loan up to",,,,,,,,,,,
pv_annual_int_rate,"Vehicle Finance","Passenger vehicle","passenger vehicle offer review screen","Annualised Interest Rate",,,,,,,,,,,
pv_accept_loan_offer,"Vehicle Finance","Passenger vehicle","passenger vehicle_loan detail review","Accept Loan Offer",,,,,,,,,,,
lbl_pv_no_of_years_permanent_text,"Vehicle Finance","Passenger vehicle","passenger vehicle_existing_customer screen","No. of years at permanent address",,,,,,,,,,,
err_msg_pv_please_enter_valid_text,"Vehicle Finance","Passenger vehicle","passenger vehicle pan validation","Please enter valid text",,,,,,,,,,,
pv_tnc_1,"Vehicle Finance","Passenger vehicle","passenger vehicle_loan detail review","I have read through and agree with all the",,,,,,,,,,,
msg_pv_error_aadhaar_auth_max,"Vehicle Finance","Passenger vehicle","passenger vehicle kyc via aadhaar","Unable to validate' your aadhaar number' please try using DigiLocker",,,,,,,,,,,
lbl_pv_fi_additional_detail_screen_reference_title,"Vehicle Finance","Passenger vehicle",,"Reference details",,,,,,,,,,,
lbl_did_you_know_subtext,"Vehicle Finance","Passenger vehicle","passenger vehicle_new car loan_add co applicant gaurantor screen","Adding co-applicant/guarantor is really \nsimple. Just provide Name, DOB and PAN \nto add person as your guarantor or co-\napplicant.",,,,,,,,,,,
pv_total_loan_amount,"Vehicle Finance","Passenger vehicle","passenger vehicle_loan detail review","Total Loan amount",,,,,,,,,,,
lbl_pl_vkyc_tnc_disclaimer_label,"Vehicle Finance","Passenger vehicle",,"disclaimer text",,,,,,,,,,,
lbl_pv_stepper_step_two_title,"Vehicle Finance","Passenger vehicle","passenger vehicle get started screen","Car and Dealer Details","கார் மற்றும் டீலர் விவரங்கள்","कार और डीलर का विवरण","গাড়ী আৰু ডিলাৰৰ বিৱৰণ","গাড়ি এবং ডিলারের বিবরণ","ಕಾರು ಮತ್ತು ಡೀಲರ್ ವಿವರಗಳು","കാറിൻ്റെയും ഡീലറുടെയും വിശദാംശങ്ങൾ","कार आणि डीलर तपशील","କାର ଏବଂ ଡିଲର ବିବରଣୀ |","కారు మరియు డీలర్ వివరాలు","ਕਾਰ ਅਤੇ ਡੀਲਰ ਦੇ ਵੇਰਵੇ","કાર અને ડીલરની વિગતો"
lbl_pv_stepper_overlay_step_four_title,"Vehicle Finance","Passenger vehicle","passenger vehicle get started screen","Acknowledgement Letter ",,,,,,,,,,,
lbl_pv_fi_add_detail_screen_tooltip_doc_txt,"Vehicle Finance","Passenger vehicle","passenger vehicle field_investigation_screen","Upload required documents",,,,,,,,,,,
lbl_pv_date_of_birth,"Vehicle Finance","Passenger vehicle","passenger vehicle_existing_customer screen","Date of birth",,,,,,,,,,,
lbl_pv_enter_valid_dob,"Vehicle Finance","Passenger vehicle","passenger vehicle pan validation","Please enter date of birth",,,,,,,,,,,
lbl_pv_edit_insurance_screen_msl_title1,"Vehicle Finance","Passenger vehicle","passenger vehicle_insurance screen","Mahindra Loan Suraksha",,,,,,,,,,,
msg_pv_error_invalid_attempt2,"Vehicle Finance","Passenger vehicle","passenger vehicle kyc via aadhaar","attempts left.",,,,,,,,,,,
lbl_pv_unable_fetch_details,"Vehicle Finance","Passenger vehicle","Passenger Vehicle_Digilocker_Retry Screen","Unable to fetch details",,,,,,,,,,,
pv_name,"Vehicle Finance","Passenger vehicle","passenger vehicle_loan detail review",Name,,,,,,,,,,,
warn_msg_letter,"Vehicle Finance","Passenger vehicle","passenger vehicle provisional sanction letter","This is a provisional letter which is subject to change basis the result of Fi and CPC check.",,,,,,,,,,,
lbl_vl_vkyc_tnc_Alert_label,"Vehicle Finance","Passenger vehicle","passenger vehicle_liveliness vkyc screen","alert title",,,,,,,,,,,
lbl_pv_stepper_overlay_step_two_subtitle,"Vehicle Finance","Passenger vehicle","passenger vehicle get started screen","Keep your proforma invoice handy, if available",,,,,,,,,,,
lbl_pv_variant,"Vehicle Finance","Passenger vehicle","passenger vehicle offer car detail screen",Variant,,,,,,,,,,,
msg_pv_insaurance_date_cannot_be_in_future,"Vehicle Finance","Passenger vehicle",,"Future date is not allowed",,,,,,,,,,,
cta_pv_fi_add_detail_screen_btm_sheet_update_txt,"Vehicle Finance","Passenger vehicle","passenger vehicle field_investigation_screen",Update,,,,,,,,,,,
lbl_pv_fi_thank_you_screen_header,"Vehicle Finance","Passenger vehicle","passenger vehicle field_investigation_screen","Your application is under review",,,,,,,,,,,
lbl_pv_coapp_dob,"Vehicle Finance","Passenger vehicle","passenger vehicle_new car loan_add co applicant gaurantor screen","Date of birth (as per PAN)",,,,,,,,,,,
lbl_pv_coapp_pan_name,"Vehicle Finance","Passenger vehicle","passenger vehicle_new car loan_add co applicant gaurantor screen","Full name (as per PAN)",,,,,,,,,,,
lbl_pv_electricity_bill,"Vehicle Finance","Passenger vehicle","passenger vehicle_existing_customer screen","Electricity bill",,,,,,,,,,,
lbl_liveliness_check_instruction3,"Vehicle Finance","Passenger vehicle","passenger vehicle_liveliness check screen","Remove spectacles, hats and masks. a clear visible face will be approved fast",,,,,,,,,,,
lbl_pv_dealer_quotes,"Vehicle Finance","Passenger vehicle","passenger vehicle offer car detail screen","Dealer Quote",,,,,,,,,,,
msg_pv_acknowledge,"Vehicle Finance","Passenger vehicle","passenger vehicle_thank you screen","Our representative will contact you shortly.\n\nPlease use this reference number for your communication with our representatives.",,,,,,,,,,,
err_msg_pv_coapp_please_enter_valid_pan,"Vehicle Finance","Passenger vehicle","passenger vehicle_new car loan_add co applicant gaurantor screen","Please enter valid PAN",,,,,,,,,,,
err_msg_pv_please_enter_valid_pan,"Vehicle Finance","Passenger vehicle","passenger vehicle pan validation","Please enter valid PAN",,,,,,,,,,,
pv_need_to_discus,"Vehicle Finance","Passenger vehicle","passenger vehicle offer review screen","Need to discuss my offer",,,,,,,,,,,
err_msg_salary_upload_retry_part_two,"Vehicle Finance","Passenger vehicle","Upload Salary Slip","attempts remaining",,,,,,,,,,,
pv_add_nominee_MLS_title,"Vehicle Finance","Passenger vehicle","passenger vehicle_insurance screen","Please add nominee details for Mahindra Loan Suraksha",,,,,,,,,,,
lbl_pv_fi_add_detail_screen_dd_religion_txt,"Vehicle Finance","Passenger vehicle","passenger vehicle field_investigation_screen",Religion,,,,,,,,,,,
lbl_pv_updated_loan_offer_tool_tip_mls,"Vehicle Finance","Passenger vehicle",,"Life Insurance",,,,,,,,,,,
lbl_pv_fi_additional_detail_screen_upload_doc2_txt,"Vehicle Finance","Passenger vehicle",,"Proforma invoice",,,,,,,,,,,
pv_salary_slip_review_screen_title,"Vehicle Finance","Passenger vehicle","passenger vehicle_salaryslipscreen","Income assessment under review",,,,,,,,,,,
lbl_pv_updated_loan_offer_emi_amount,"Vehicle Finance","Passenger vehicle","passenger vehicle_insurance review screen","EMI amount",,,,,,,,,,,
lbl_pv_continue,"Vehicle Finance","Passenger vehicle","passenger vehicle kyc via aadhaar",Continue,,,,,,,,,,,
lbl_pv_stepper_step_one_subtitle,"Vehicle Finance","Passenger vehicle","passenger vehicle get started screen","Enter your PAN details to check eligibility in few seconds","சில நொடிகளில் தகுதியைச் சரிபார்க்க உங்கள் பான் விவரங்களை உள்ளிடவும்.","अपनी पात्रता की जांच करने के लिए कुछ ही सेकंड में अपना पैन विवरण दर्ज करें।","কেইছেকেণ্ডমানৰ ভিতৰতে যোগ্যতা পৰীক্ষা কৰিবলৈ আপোনাৰ পেনৰ সবিশেষ প্ৰৱেশ কৰক","কয়েক সেকেন্ডের মধ্যে যোগ্যতা পরীক্ষা করতে আপনার প্যানের বিবরণ লিখুন।","ಕೆಲವು ಸೆಕೆಂಡುಗಳಲ್ಲಿ ಅರ್ಹತೆಯನ್ನು ಪರಿಶೀಲಿಸಲು ನಿಮ್ಮ ಪ್ಯಾನ್ ವಿವರಗಳನ್ನು ನಮೂದಿಸಿ.","കുറച്ച് നിമിഷങ്ങൾക്കുള്ളിൽ യോഗ്യത പരിശോധിക്കാൻ നിങ്ങളുടെ പാൻ വിശദാംശങ്ങൾ നൽകുക.","काही सेकंदात पात्रता तपासण्यासाठी तुमचा पॅन तपशील प्रविष्ट करा.","କିଛି ସେକେଣ୍ଡ ମଧ୍ୟରେ ଯୋଗ୍ୟତା ଯାଞ୍ଚ କରିବା ପାଇଁ ଆପଣଙ୍କର PAN ବିବରଣୀ ପ୍ରବେଶ କରନ୍ତୁ।","కొన్ని సెకన్లలో అర్హతను తనిఖీ చేయడానికి మీ పాన్ వివరాలను నమోదు చేయండి.","ਕੁਝ ਸਕਿੰਟਾਂ ਵਿੱਚ ਯੋਗਤਾ ਦੀ ਜਾਂਚ ਕਰਨ ਲਈ ਆਪਣੇ ਪੈਨ ਵੇਰਵੇ ਦਰਜ ਕਰੋ।","થોડીક સેકન્ડોમાં પાત્રતા ચકાસવા માટે તમારા PAN વિગતો દાખલ કરો."
lbl_pv_pan_example,"Vehicle Finance","Passenger vehicle","passenger vehicle pan validation","Eg- AABPD4528R",,,,,,,,,,,
lbl_pv_aadhaar_validation_retry_msg2,"Vehicle Finance","Passenger vehicle","passenger vehicle kyc via aadhaar","attempts remaining.",,,,,,,,,,,
msg_mandate,"Vehicle Finance","Passenger vehicle","Select Bank Screen","Please confirm your bank details.  We will validate these for your loan disbursal and set up your EMI repayment.",,,,,,,,,,,
lbl_pv_identify_yourself,"Vehicle Finance","Passenger vehicle","passenger vehicle_liveliness check screen","Identify yourself",,,,,,,,,,,
pv_employment_details,"Vehicle Finance","Passenger vehicle","passenger vehicle personal employment details screen","Employment Details",,,,,,,,,,,
lbl_pv_stepper_checkbox_read_more_text,"Vehicle Finance","Passenger vehicle","passenger vehicle get started screen","Read more","மேலும் படிக்க","और पढ़ें","অধিক পঢ়ক","আরও পড়ুন","ಇನ್ನಷ್ಟು ಓದಿ","കൂടുതൽ വായിക്കുക","आणखी वाचा","ଅଧିକ ପଢନ୍ତୁ","మరింత చదవండి","ਹੋਰ ਪੜ੍ਹੋ","વધુ વાંચો"
msg_pv_error_aadhaar_address_auth_max,"Vehicle Finance","Passenger vehicle","passenger vehicle kyc via aadhaar","Sorry we cannot authenticate you please raise offline request with documents or visit branch to update your mobile number.",,,,,,,,,,,
lbl_vl_vkyc_tnc_label,"Vehicle Finance","Passenger vehicle","passenger vehicle_liveliness vkyc screen","Terms and Conditions",,,,,,,,,,,
lbl_pv_liveliness_step3,"Vehicle Finance","Passenger vehicle","passenger vehicle_liveliness check steps screen","For fast approvals, provide an unobstructed view of your face; remove spectacles, hats and masks. ",,,,,,,,,,,
lbl_pv_let_us_know_subtitle,"Vehicle Finance","Passenger vehicle","passenger vehicle offer car detail screen","Please update values as per dealer quotation, if available.",,,,,,,,,,,
err_pv_lbl_insurance_dob_format,"Vehicle Finance","Passenger vehicle","passenger vehicle_insurance screen","Invalid Date of Birth. Please use dd/mm/yyyy format.",,,,,,,,,,,
lbl_did_you_know,"Vehicle Finance","Passenger vehicle","passenger vehicle_new car loan_add co applicant gaurantor screen","Did you know?",,,,,,,,,,,
lbl_pv_pin_code,"Vehicle Finance","Passenger vehicle","passenger vehicle_existing_customer screen",Pincode,,,,,,,,,,,
cta_pv_fi_additional_detail_screen_add_txt,"Vehicle Finance","Passenger vehicle",,Add,,,,,,,,,,,
pv_discuss_offer_with_executive,"Vehicle Finance","Passenger vehicle","passenger vehicle offer review screen","Discuss offer with executive",,,,,,,,,,,
lbl_pv_stepper_step_three_subtitle,"Vehicle Finance","Passenger vehicle","passenger vehicle get started screen","<ul><li>KYC</li><li>Personal details</li><li>Employment details</li></ul>","<ul><li>KYC</li><li>Personal details</li><li>Employment details</li></ul>","<ul><li>KYC</li><li>Personal details</li><li>Employment details</li></ul>","<ul><li>KYC</li><li>Personal details</li><li>Employment details</li></ul>","<ul><li>KYC</li><li>Personal details</li><li>Employment details</li></ul>","<ul><li>KYC</li><li>Personal details</li><li>Employment details</li></ul>","<ul><li>KYC</li><li>Personal details</li><li>Employment details</li></ul>","<ul><li>KYC</li><li>Personal details</li><li>Employment details</li></ul>","<ul><li>KYC</li><li>Personal details</li><li>Employment details</li></ul>","<ul><li>KYC</li><li>Personal details</li><li>Employment details</li></ul>","<ul><li>KYC</li><li>Personal details</li><li>Employment details</li></ul>","<ul><li>KYC</li><li>Personal details</li><li>Employment details</li></ul>"
pv_personal_details,"Vehicle Finance","Passenger vehicle","passenger vehicle_loan detail review","Personal details",,,,,,,,,,,
err_msg_pv_coapp_please_enter_valid_number,"Vehicle Finance","Passenger vehicle","passenger vehicle_new car loan_add co applicant gaurantor screen","Please enter valid number",,,,,,,,,,,
lbl_valid_income_proof,"Vehicle Finance","Passenger vehicle","passenger vehicle_new car loan_add co applicant gaurantor screen","Should have valid income proof eg : Salary Slip or ITR",,,,,,,,,,,
lbl_pv_fi_thank_you_screen_additional_detail_text,"Vehicle Finance","Passenger vehicle","passenger vehicle field_investigation_screen","You can also fast-track your application by providing additional details.",,,,,,,,,,,
lbl_pv_retry,"Vehicle Finance","Passenger vehicle","Api Failure Screen",Retry,,,,,,,,,,,
cta_upload_income_submitted,"Vehicle Finance","Passenger vehicle","passenger vehicle_insurance screen",Submitted,,,,,,,,,,,
lbl_pv_landmark_option,"Vehicle Finance","Passenger vehicle","passenger vehicle_existing_customer screen",Landmark(Optional),,,,,,,,,,,
pv_insurance,"Vehicle Finance","Passenger vehicle","passenger vehicle_loan detail review",Insurance,,,,,,,,,,,
E_FILE_WRONG_PASSWORD,"Vehicle Finance","Passenger vehicle","passenger vehicle_salaryslipscreen","Unable to open Statement with password provided",,,,,,,,,,,
pv_margin_amount,"Vehicle Finance","Passenger vehicle","passenger vehicle_loan detail review","Margin amount",,,,,,,,,,,
pv_health_insurance_bold_description,"Vehicle Finance","Passenger vehicle","passenger vehicle_insurance screen","Mahindra Arogya Suraksha provides financial protection for medical expenses during hospitalization, ensuring customers can access quality care without draining their savings.",,,,,,,,,,,
lbl_pv_aadhaar_consent,"Vehicle Finance","Passenger vehicle","passenger vehicle pan validation","I hereby state that I have no objection in authenticating myself with Aadhaar-based OTP authentication",,,,,,,,,,,
pv_salary_slip_review_screen_sub_desc,"Vehicle Finance","Passenger vehicle","Upload Salary Slip"," We appreciate your patience.",,,,,,,,,,,
pv_insurance_tool_tip_text,"Vehicle Finance","Passenger vehicle","passenger vehicle_insurance screen","Insurance Premium will be a part of loan amount",,,,,,,,,,,
pv_loan_details,"Vehicle Finance","Passenger vehicle","passenger vehicle_loan detail review","Loan details",,,,,,,,,,,
pv_income_proof,"Vehicle Finance","Passenger vehicle","passenger vehicle offer discussion screen","Income proof",,,,,,,,,,,
err_msg_pv_pan_retry_part_two,"Vehicle Finance","Passenger vehicle","passenger vehicle pan validation","attempts remaining.",,,,,,,,,,,
msg_pv_newCarLoan_consent1,"Vehicle Finance","Passenger vehicle","passenger vehicle offer car detail screen","I give my consent to undertake online KYC and to upload/download my KYC records from central KYC registry",,,,,,,,,,,
lbl_pv_fi_additional_detail_screen_upload_doc3_txt,"Vehicle Finance","Passenger vehicle",,"Work address proof (optional)",,,,,,,,,,,
lbl_pv_fi_additional_detail_screen_refree_txt,"Vehicle Finance","Passenger vehicle",,Refree,,,,,,,,,,,
pv_employment_type,"Vehicle Finance","Passenger vehicle","passenger vehicle personal employment details screen","Employment type",,,,,,,,,,,
pv_ltv,"Vehicle Finance","Passenger vehicle","passenger vehicle_loan detail review",LTV,,,,,,,,,,,
pv_application_no,"Vehicle Finance","Passenger vehicle","passenger vehicle_loan detail review","Application No. #",,,,,,,,,,,
lbl_pv_kyc_progress_indicator_title,"Vehicle Finance","Passenger vehicle","passenger vehicle_existing_customer screen","Please wait while we fetch your details",,,,,,,,,,,
lbl_pv_updated_loan_offer_tool_tip_mas,"Vehicle Finance","Passenger vehicle",,"Health Insurance",,,,,,,,,,,
err_msg_pv_enter_valid_aadhaar_text,"Vehicle Finance","Passenger vehicle","passenger vehicle pan validation","Please enter aadhaar number",,,,,,,,,,,
pv_stay_on_page,"Vehicle Finance","Passenger vehicle","passenger vehicle - back screen","Stay on the page",,,,,,,,,,,
pv_years_of_exp,"Vehicle Finance","Passenger vehicle","passenger vehicle personal employment details screen","Years of Experience",,,,,,,,,,,
err_msg_dob_minor,"Vehicle Finance","Passenger vehicle","passenger vehicle_existing_customer screen","Date cannot be of a minor",,,,,,,,,,,
pv_insurance_premium_price,"Vehicle Finance","Passenger vehicle","passenger vehicle_insurance screen","starting from",,,,,,,,,,,
lbl_pv_aadhaar_try_again,"Vehicle Finance","Passenger vehicle","passenger vehicle kyc via aadhaar","Try again",,,,,,,,,,,
lbl_gaurantor,"Vehicle Finance","Passenger vehicle","passenger vehicle_new car loan_add co applicant gaurantor screen",Guarantor,,,,,,,,,,,
err_msg_pv_coapp_please_enter_valid_text,"Vehicle Finance","Passenger vehicle","passenger vehicle_new car loan_add co applicant gaurantor screen","Please enter valid text",,,,,,,,,,,
lbl_pv_updated_loan_offer_mas,"Vehicle Finance","Passenger vehicle","passenger vehicle_insurance review screen","Mahindra Aarogya Suraksha",,,,,,,,,,,
E_FILE_NO_PASSWORD,"Vehicle Finance","Passenger vehicle","passenger vehicle_salaryslipscreen","Statement password not provided",,,,,,,,,,,
pv_life_insurance_msg1,"Vehicle Finance","Passenger vehicle","passenger vehicle_insurance screen","Security in case of disability",,,,,,,,,,,
err_msg_salary_upload_retry_part_one,"Vehicle Finance","Passenger vehicle","Upload Salary Slip","We are unable to validate your Salary Slip. Please try again. ",,,,,,,,,,,
lbl_pv_dealer_details,"Vehicle Finance","Passenger vehicle","passenger vehicle offer car detail screen","Dealer Details",,,,,,,,,,,
lbl_pv_title,"Vehicle Finance","Passenger vehicle","passenger vehicle title","Passenger Vehicle",,,,,,,,,,,
cta_pv_updated_loan_offer_add_mas,"Vehicle Finance","Passenger vehicle","passenger vehicle_insurance review screen",Add,,,,,,,,,,,
lbl_pv_if_any_text,"Vehicle Finance","Passenger vehicle","passenger vehicle offer car detail screen","(if any)",,,,,,,,,,,
pv_salary_slip_upload_sub_txt,"Vehicle Finance","Passenger vehicle","Upload Salary Slip","Single file size limit is 5 MB. Accepted file types include PNG, JPEG, JPG or PDF format only.",,,,,,,,,,,
msg_liveliness_check_allow_camera,"Vehicle Finance","Passenger vehicle","passenger vehicle_liveliness check screen",Camera,,,,,,,,,,,
msg_pv_sub_title_upload_manually,"Vehicle Finance","Passenger vehicle","passenger vehicle_income verification screen","Download the income statement from your bank account & upload it in a PDF format.",,,,,,,,,,,
lbl_pv_stepper_step_four_title,"Vehicle Finance","Passenger vehicle","passenger vehicle get started screen","Acknowledgement Letter ","ஒப்புதல் கடிதம்","स्वीकृति पत्र","স্বীকৃতি পত্ৰ","স্বীকৃতি পত্র","ಅಂಗೀಕಾರ ಪತ್ರ","അംഗീകാര കത്ത്","स्वीकृती पत्र","ସ୍ୱୀକୃତି ପତ୍ର","అంగీకార లేఖ","ਸਵੀਕ੍ਰਿਤੀ ਪੱਤਰ","સ્વીકૃતિ પત્ર"
pv_gender,"Vehicle Finance","Passenger vehicle","passenger vehicle personal employment details screen",Gender,,,,,,,,,,,
msg_checking_cibil,"Vehicle Finance","Passenger vehicle","passenger vehicle_bre1 screen","Please wait, checking CIBIL score...",,,,,,,,,,,
cta_pv_fi_add_detail_screen_btm_remove_txt,"Vehicle Finance","Passenger vehicle","passenger vehicle field_investigation_screen","Remove referee",,,,,,,,,,,
lbl_pv_edit_insurance_screen_mls_nominee,"Vehicle Finance","Passenger vehicle","passenger vehicle_insurance screen",Nominee,,,,,,,,,,,
lbl_pv_stepper_checkbox_pop_up_description,"Vehicle Finance","Passenger vehicle","passenger vehicle get started screen","- I/We shall authorize and consent Mahindra & Mahindra Financial Services Limited (MMFSL) to evaluate/ analyze Personal information submitted by me and/or authorize and consent to obtain my personal information from Credit Bureau, Fintech account aggregators, Fintech Data aggregators, Fintech Payment aggregator partner and/or any other Credit information Companies (CICs) to enable MMFSL to access and analyse my credit score for funding loan and to execute other preliminary credit support activities including but not limited to PAN Card validation, employment verification, vehicle details verification, Bank account verification, income validation, identity and address proof validation, payment collection etc. This consent and authorization is unconditional and shall be used by MMFSL for the limited purpose of evaluating the credit worthiness for sanctioning a Loan by consenting the following:
 
a. I/We authorize MMFSL to use my/our personal information to obtain my/our Credit information Report and Credit Score from Credit Bureau/Credit information Companies (CICs) for the purpose of determining my/our credit score, income validation, Bank Account statement verification, undertaking credit risk analysis to for considering lending to me/us for considering revising my/our credit limit.
 
b. All the documents required for processing the loan will be provided by me/us. In case where any of the documents are password protected, I/ we confirm to provide the relevant password to MMFSL.
 

c. I/We also state and confirm that Credit Bureau and/or any other CICs sharing my/our information to MMFSL shall be in order and I/we shall not hold them responsible for sharing the information and further state that no person has induced me/us to provide my/our Consumer Credit Information.
 
d. I/We shall not hold MMFSL responsible or liable for any loss, claim, liability, or damage of any kind resulting from any inaccuracy or error in the credit information provided by Credit Bureau and/or any other CICs and for any breach of confidentiality or privacy by Credit Bureau and/or any other CICs sharing of my/our Consumer Credit information.
 
e. I/We agree that we may be required to record my/our consent and provide instructions electronically and in all such cases we understand that by giving consent herein, I am/we are providing written instructions to MMFSL authorizing MMFSL to obtain my/our Consumer Credit Information from my/our personal credit profile from Credit Bureau and/or any other CICs.
 
f. I/we hereby at my/our own discretion agree and accept that the account statements, payment receipts need not be given to me/us separately in any physical form instead prefer to be in digital form.
 

g. I/We affirm that all information provided by me/us are correct, complete, and up-to-date and no information as required to process my loan application has been withheld, I will keep MMFSL informed of any change in the information provided by me/us .
 

h. I/We authorize MMFSL to share my/our information with its respective partners in connection with this loan application and with other business associates offering value added services.
 

- I/We hereby consent to receiving information from Central KYC Registry through SMS/email on the above registered number/email address for the purpose of KYC compliance.
 

- Loan limit shall be solely determined in terms of the internal criteria of MMFSL and it shall be at the sole discretion of MMFSL to sanction a Loan.
 

- I/We shall pay/remit documentation charges, loan processing fee upfront as stipulated by MMFSL, before availing the Loan and submit all KYC documents, credit information, income and other details and execute all necessary Loan Agreements either in digital or physical form and I/We shall be bound by the terms and conditions of the loan agreement.
 

- I/We consent and authorize MMFSL to receive communications in relation to customized recommendations, promotional offers, information on various other products and services available on this platform by MMFSL, via email, SMS, WhatsApp to my registered mobile number or by an electronic mail or by a postal communication to my/our given address, App notifications or any other means of communication and I/We confirm and undertake that this content and authorization will override my registration under DND/NC/NDNC under TRAI regulations.
 

- Terms and Conditions of Loan may be amended and/or modified and from time to time due to any reason including due to any change in the market conditions and such revision, modification, amendment shall be communicated through a digital/physical mode and on such communication, I / We am/are under obligation to abide by such amended terms.
 

- I agree that on receipt of Loan application, MMFSL shall conduct diligence and seek mandatory information required for KYC purpose; and I/We hereby authorise MMFSL to facilitate my /our transaction in accordance with the prevailing laws and regulations, including Prevention of Money Laundering Act and its rules.
 

- That the receipt of application form for the loan does not imply automatic approval of my/our loan by MMFSL.
 

- MMFSL may request for any additional applicable documents other than those collected in connection with the application.
 

- MMFSL shall not be liable for loss or delay in receipt of documents provided by me/us.
 

- In case of any change in mode of repayment, applicable increase in Interest rate and upfront cash handling charges shall be payable by me/us.
 

- Incomplete/defective application will not be processed and MMFSL shall not be responsible in any manner for the resulting delay or otherwise.
 

- The rate of interest are subject to change as per the change in the lending rates of MMFSL and shall be applicable, prospectively, for all loans availed where the loan is subject to a floating interest rate.
 

- I/We request MMFSL to credit/pay the loan amount to the dealer/seller on my/our behalf. I/we are aware that MMFSL is not responsible for the delivery quality of the asset.
 

- I/We understand and agree that the consent given for updating/registration/request for free mobile alert facility shall be valid till such time I/We withdraw the same in writing. Unless specifically advised, MMFSL will continue to send SMS alerts on the numbers requested by Authorised Signatory/ies of the firm/company/trust/association/ society, as applicable. MMFSL shall not be responsible and liable for any consequences which may arise owing to change in name/s or Authorised Signatory/ies or Partners or Directors or Trustees or Members of the firm/company/trust/ association/society.
 

- I/We confirm that no insolvency/winding up proceeding or suits for recovery of the outstanding dues or monies whatsoever or for attachment of my/our assets or properties and/or criminal proceedings have been initiated and/or are pending against me/us and that/we have never been adjudicated insolvent by any court or other authority.
 

- I/We certify that I am/are citizen of India.
 

- I /We confirm that the funds shall be used only for the stated purpose. I/We confirm that the GST registration information and registration number provided is true and correct. I/We understand that if my/our GST registration number is not provided or is incorrect, then GST Authority may not grant me/us GST Input Credit for GST on charges.
 

- MMFSL reserves the rights to retain the photographs and documents submitted with this application and will not return the same to the applicant.
 

- I authorize MMFSL to engage any third party or agency to verify the credit worthiness and other details based on my application for Loan and to make any enquiries regarding my application.
 

- I/We am/are aware that the upfront application fees and the applicable taxes collected from me at the time of application are non-refundable under any circumstances.
 

- I/We hereby authorize & give consent to MMFSL to obtain my Aadhar No., name and fingerprints/iris and also to store/share/use my/our biometrics to be submitted to Central Identities Data Repository furnished by me/us in application form/related documents executed/or to be executed in relation to the facilities availed/to be availed from MMFSL, to MMFSL's other branches, subsidiaries, affiliates, Credit Bureaus, Rating agencies, Service Providers, Banks/Financial institutions, Government/Regulatory authorities or third parties for the purposes of authentication with UIDAI. I/We waive the privilege of Privacy & Privity of Contract and such disclosure or use of the aforesaid information shall not amount to breach of any law, rule, regulation etc. in force.
 

- I/We hereby confirm that the information/particulars provided/to be provided by me are true and correct.
 

- I/We confirm that I/We have not taken any loan from any other bank/finance company other than those specifically declared/to be declared by me.
 

- I/We have intimated to you the current residential address (being usual place of residence)/place of business for which registration has been obtained and we undertake that we shall immediately update you in case of any changes in the aforementioned address and submit documents for verification proactively. I/We shall remain responsible for any consequences for non-intimation/delay in intimation of the new address.
 

- MMFSL is a finance provider and upon receipt of customer consent, MMFSL provides vehicle finance disbursement to the dealer. It is agreed and understood by me/us that it is the mine/our sole responsibility to co-ordinate with the dealer as regards delivery schedule, availability of vehicle, specific colour/model/version/accessories of the vehicle and certification of vehicle condition at the time of delivery. MMFSL will not be responsible, liable or accountable for any of the above aside from the said financing.",,"मैं/हम महिंद्रा फाइनेंस और उसके प्रतिनिधियों को उत्पाद से संबंधित बातचीत के लिए कॉल, एसएमएस, व्हाट्सएप या किसी अन्य माध्यम का उपयोग करने के लिए अधिकृत करता/करती हूँ। यह सहमति DNC/NDNC के लिए मेरे पंजीकरण को रद्द कर देती है। मैं/हम अन्य उत्पादों के संबंध में अपनी सहमति प्रदान करता/करती हूँ।",,,,,,,,,
pv_offer_msg_2,"Vehicle Finance","Passenger vehicle","passenger vehicle offer review screen",". Terms may vary subject to document verification",,,,,,,,,,,
cta_pv_fi_thank_you_screen_home,"Vehicle Finance","Passenger vehicle","passenger vehicle field_investigation_screen",Home,,,,,,,,,,,
pv_tnc,"Vehicle Finance","Passenger vehicle","passenger vehicle_loan detail review","terms and conditions",,,,,,,,,,,
lbl_pv_authenticate_using_aadhaar,"Vehicle Finance","Passenger vehicle","passenger vehicle kyc via aadhaar","Authenticate using Aadhaar",,,,,,,,,,,
lbl_upload_bank_statement_desc,"Vehicle Finance","Passenger vehicle","passenger vehicle_insurance screen","submit your last 3 months’ bank statements for verification",,,,,,,,,,,
pv_annualised_interest_rate,"Vehicle Finance","Passenger vehicle","passenger vehicle_loan detail review","Annualised Interest Rate",,,,,,,,,,,
pv_life_insurance_msg2,"Vehicle Finance","Passenger vehicle","passenger vehicle_insurance screen","Protection in the event of death",,,,,,,,,,,
lbl_pv_fi_thank_you_screen_documentList,"Vehicle Finance","Passenger vehicle","passenger vehicle field_investigation_screen","<ul>
<li>Communication address proof</li>
<li>Proforma invoice copy</li>
<li>Margin amount receipt, (if paid the amount)</li>
</ul>",,,,,,,,,,,
lbl_pv_fi_add_detail_screen_assisted_by_txt,"Vehicle Finance","Passenger vehicle","passenger vehicle field_investigation_screen","Are you being assisted by a Mahindra executive?",,,,,,,,,,,
lbl_pv_check_eligibility,"Vehicle Finance","Passenger vehicle","passenger vehicle_thank you screen","Want to check your eligibility?",,,,,,,,,,,
pv_accept_continue,"Vehicle Finance","Passenger vehicle","passenger vehicle offer review screen","Accept Loan Offer",,,,,,,,,,,
lbl_pv_car_details,"Vehicle Finance","Passenger vehicle","passenger vehicle offer car detail screen","Car Details",,,,,,,,,,,
lbl_pv_updated_loan_offer_annualised_roi,"Vehicle Finance","Passenger vehicle","passenger vehicle_insurance review screen","Annualised Interest Rate",,,,,,,,,,,
lbl_pv_fi_add_detail_screen_consent_txt,"Vehicle Finance","Passenger vehicle","passenger vehicle field_investigation_screen","I hereby declare that I am not related to any director or any senior officer of any bank/NBFC (including MMFSL)",,,,,,,,,,,
lbl_pv_home,"Vehicle Finance","Passenger vehicle","Api Failure Screen",Home,,,,,,,,,,,
lbl_pv_accessories,"Vehicle Finance","Passenger vehicle","passenger vehicle offer car detail screen",Accessories,,,,,,,,,,,
lbl_pv_personal_details,"Vehicle Finance","Passenger vehicle","passenger vehicle personal employment details screen","Personal details",,,,,,,,,,,
lbl_pv_liveliness_step1,"Vehicle Finance","Passenger vehicle","passenger vehicle_liveliness check steps screen","Take a selfie with your camera",,,,,,,,,,,
lbl_pv_choose_bank2,"Vehicle Finance","Passenger vehicle","passenger vehicle_income verification screen","Add a bank account in which you receive your income",,,,,,,,,,,
msg_pv_sub_title_net_banking,"Vehicle Finance","Passenger vehicle","passenger vehicle_income verification screen","Give consent to securely fetch your income data & login to your NetBanking for Verification",,,,,,,,,,,
lbl_pl_vkyc_tnc_Alert_label,"Vehicle Finance","Passenger vehicle",,"alert title",,,,,,,,,,,
lbl_vl_vkyc_video_ref_desc,"Vehicle Finance","Passenger vehicle","passenger vehicle_liveliness vkyc screen","Lorem ipsum",,,,,,,,,,,
msg_fetching_details,"Vehicle Finance","Passenger vehicle","passenger vehicle_bre1 screen","Please wait, fetching your details...",,,,,,,,,,,
lbl_pv_dob,"Vehicle Finance","Passenger vehicle","passenger vehicle pan validation","Date of birth (as per PAN)",,,,,,,,,,,
lbl_pv_your_profile_text,"Vehicle Finance","Passenger vehicle","passenger vehicle_existing_customer screen","Your Profile",,,,,,,,,,,
pv_lbl_insurance_dob,"Vehicle Finance","Passenger vehicle","passenger vehicle_insurance screen","Date of birth",,,,,,,,,,,
msg_pv_enter_6_digit_pincode,"Vehicle Finance","Passenger vehicle","passenger vehicle pan validation","Enter your 6-digit PIN Code",,,,,,,,,,,
err_pv_aadhaar_otp,"Vehicle Finance","Passenger vehicle","passenger vehicle kyc via aadhaar","Error Aadhaar OTP",,,,,,,,,,,
err_msg_no_of_dependents,"Vehicle Finance","Passenger vehicle",,"Number of dependents cannot be more than 10",,,,,,,,,,,
err_msg_no_of_earning_members,"Vehicle Finance","Passenger vehicle",,"Number of earning members cannot be more than 10",,,,,,,,,,,
lbl_pv_thank_you_reponse,"Vehicle Finance","Passenger vehicle","passenger vehicle_pan_fail_thankyou screen","Thank you for your response",,,,,,,,,,,
lbl_pv_application_no,"Vehicle Finance","Passenger vehicle","passenger vehicle_pan_fail_thankyou screen","Application No.",,,,,,,,,,,
lbl_pv_consent_digilocker,"Vehicle Finance","Passenger vehicle","Passenger Vehicle_Digilocker_Retry Screen","Please ensure you have provided your consent to share your documents with us",,,,,,,,,,,
msg_pv_digilocker_fail,"Vehicle Finance","Passenger vehicle","passenger vehicle_thank you screen","We were not able to authenticate you online. We have submitted your response to our executive who will get in touch with you for next steps",,,,,,,,,,,
msg_pv_error_invalid_attempt1,"Vehicle Finance","Passenger vehicle","passenger vehicle kyc via aadhaar","Sorry we cannot authenticate you. You have",,,,,,,,,,,
cta_pv_aadhaar_ok,"Vehicle Finance","Passenger vehicle","passenger vehicle kyc via aadhaar",ok,,,,,,,,,,,
lbl_pv_aadhaar_error_generic,"Vehicle Finance","Passenger vehicle","passenger vehicle kyc via aadhaar","An error occurred while processing your request",,,,,,,,,,,
lbl_pv_progress_step_one_title,"Vehicle Finance","Passenger vehicle","passenger vehicle get started screen",Eligibility,தகுதி,पात्रता,যোগ্যতা,যোগ্যতা,ಅರ್ಹತೆ,അർഹത,पात्रता,ଯୋଗ୍ୟତା,అర్హత,ਯੋਗਤਾ,પાત્રતા
msg_pv_pan_details_enter,"Vehicle Finance","Passenger vehicle","passenger vehicle pan validation","Please enter all fields.",,,,,,,,,,,
lbl_pv_stepper_step_one_title,"Vehicle Finance","Passenger vehicle","passenger vehicle get started screen",Eligibility,தகுதி,पात्रता,যোগ্যতা,যোগ্যতা,ಅರ್ಹತೆ,യോഗ്യത,पात्रता,ଯୋଗ୍ୟତା,అర్హత,ਯੋਗਤਾ,પાત્રતા
lbl_pv_stepper_step_three_title,"Vehicle Finance","Passenger vehicle","passenger vehicle get started screen","Your profile","உங்கள் சுயவிவரம்","आपकी प्रोफ़ाइल","আপোনাৰ প্ৰফাইল","আপনার প্রোফাইল","ನಿಮ್ಮ ಪ್ರೊಫೈಲ್","നിങ്ങളുടെ പ്രൊഫൈൽ","तुमची प्रोफाइल","ଆପଣଙ୍କ ପ୍ରୋଫାଇଲ","మీ ప్రొఫైల్","ਤੁਹਾਡੀ ਪ੍ਰੋਫ਼ਾਈਲ","તમારી પ્રોફાઇલ"
lbl_pv_stepper_step_five_title,"Vehicle Finance","Passenger vehicle","passenger vehicle get started screen","Loan disbursement","கடன் வழங்கல்","ऋण वितरण","ঋণ বিতৰণ","ঋণ বিতরণ","ಸಾಲ ವಿತರಣೆ","വായ്പ വിതരണം","कर्ज वितरण","ଋଣ ବିତରଣ","రుణ పంపిణీ","ਕਰਜ਼ਾ ਵੰਡ","લોન વિતરણ"
lbl_pv_stepper_overlay_step_one_title,"Vehicle Finance","Passenger vehicle","passenger vehicle get started screen",Eligibility,,,,,,,,,,,
lbl_pv_stepper_overlay_step_one_subtitle,"Vehicle Finance","Passenger vehicle","passenger vehicle get started screen","Enter your PAN details to check eligibility in few seconds",,,,,,,,,,,
lbl_pv_error_generic,"Vehicle Finance","Passenger vehicle","Passenger vehicle","An error occurred while processing your request",,,,,,,,,,,
msg_pv_newCarLoan_consent,"Vehicle Finance","Passenger vehicle","passenger vehicle offer car detail screen","I agree that dealer quote entered is as per the price taken / proforma invoice provided by the selected dealer",,,,,,,,,,,
lbl_pv_extended_warranty,"Vehicle Finance","Passenger vehicle","passenger vehicle offer car detail screen","Extended Warranty",,,,,,,,,,,
lbl_pv_state_dropdown,"Vehicle Finance","Passenger vehicle","passenger vehicle offer car detail screen",State,,,,,,,,,,,
lbl_pv_Estimate_OnRoad_Price,"Vehicle Finance","Passenger vehicle","passenger vehicle offer car detail screen","Estimated On-Road Price",,,,,,,,,,,
lbl_pv_EstimatedLoan_validation,"Vehicle Finance","Passenger vehicle","passenger vehicle offer car detail screen","Loan amount should not be less than ₹",,,,,,,,,,,
lbl_pv_pincode_info_text,"Vehicle Finance","Passenger vehicle","passenger vehicle pan validation","Where you want to take the loan",,,,,,,,,,,
msg_pv_check_eligibility_msg2,"Vehicle Finance","Passenger vehicle","passenger vehicle_thank you screen","Simple way to find an eligible offer that fits your needs",,,,,,,,,,,
lbl_pv_aadhaar,"Vehicle Finance","Passenger vehicle","passenger vehicle_existing_customer screen",Aadhaar,,,,,,,,,,,
lbl_pv_residence_type_text,"Vehicle Finance","Passenger vehicle","passenger vehicle_existing_customer screen","Residence Type",,,,,,,,,,,
lbl_pv_check_box_text,"Vehicle Finance","Passenger vehicle","passenger vehicle_existing_customer screen","I/We hereby declare that KYC and address details provided above are correct.",,,,,,,,,,,
lbl_pv_driving_license,"Vehicle Finance","Passenger vehicle","passenger vehicle_existing_customer screen","Driving License",,,,,,,,,,,
pv_male,"Vehicle Finance","Passenger vehicle","passenger vehicle personal employment details screen",Male,,,,,,,,,,,
pv_other,"Vehicle Finance","Passenger vehicle","passenger vehicle personal employment details screen",Other,,,,,,,,,,,
lbl_education_qualification,"Vehicle Finance","Passenger vehicle","passenger vehicle personal employment details screen","Education qualification",,,,,,,,,,,
lbl_except_two_wheeler,"Vehicle Finance","Passenger vehicle","passenger vehicle personal employment details screen","(except two-wheeler)",,,,,,,,,,,
pv_employment_status,"Vehicle Finance","Passenger vehicle","passenger vehicle personal employment details screen","Employment status",,,,,,,,,,,
pv_consent_declaration,"Vehicle Finance","Passenger vehicle","passenger vehicle personal employment details screen","I hereby declare that I am not a politically exposed person.",,,,,,,,,,,
pv_emi_amount,"Vehicle Finance","Passenger vehicle","passenger vehicle offer review screen","EMI amount",,,,,,,,,,,
pv_higher_loan_amount,"Vehicle Finance","Passenger vehicle","passenger vehicle offer discussion screen","Looking for a higher loan amount?",,,,,,,,,,,
pv_bank_stmts,"Vehicle Finance","Passenger vehicle","passenger vehicle offer discussion screen","Bank Statements",,,,,,,,,,,
pv_cont_prev,"Vehicle Finance","Passenger vehicle","passenger vehicle offer discussion screen","Continue with previous offer",,,,,,,,,,,
lbl_pv_personal_radiobutton,"Vehicle Finance","Passenger vehicle","passenger vehicle offer car detail screen",Personal,,,,,,,,,,,
lbl_pv_secure_details_text,"Vehicle Finance","Passenger vehicle","passenger vehicle_existing_customer screen","Your details are secure and will be only used for loan application process",,,,,,,,,,,
lbl_pv_kyc_incorrect_text,"Vehicle Finance","Passenger vehicle","passenger vehicle_existing_customer screen","KYC Details incorrect?",,,,,,,,,,,
lbl_offer_valid_text,"Vehicle Finance","Passenger vehicle","passenger vehicle offer car detail screen","This offer is valid for personal use only",,,,,,,,,,,
pv_life_insurance_description,"Vehicle Finance","Passenger vehicle","passenger vehicle_insurance screen","is a life insurance plan to take care of your outstanding principle loan amount, in case on unfortunate event",,,,,,,,,,,
pv_health_insurance_msg1,"Vehicle Finance","Passenger vehicle","passenger vehicle_insurance screen","Feature and benefit",,,,,,,,,,,
cta_pv_open_camera,"Vehicle Finance","Passenger vehicle","passenger vehicle_liveliness check steps screen","Open Camera",,,,,,,,,,,
cta_pv_capture,"Vehicle Finance","Passenger vehicle","passenger vehicle_liveliness check screen",Capture,,,,,,,,,,,
lbl_pv_choose_bank,"Vehicle Finance","Passenger vehicle","passenger vehicle_income verification screen","Choose bank for income verification",,,,,,,,,,,
lbl_age_between_25_55,"Vehicle Finance","Passenger vehicle","passenger vehicle_new car loan_add co applicant gaurantor screen","Age between 25-55 years",,,,,,,,,,,
lbl_bank_statement,"Vehicle Finance","Passenger vehicle","passenger vehicle_new car loan_add co applicant gaurantor screen","and bank statement (last 6 months)",,,,,,,,,,,
lbl_need_executive_assistance,"Vehicle Finance","Passenger vehicle","passenger vehicle_new car loan_add co applicant gaurantor screen","Need Executive Assistance",,,,,,,,,,,
lbl_pv_pan_details_user_subtitle,"Vehicle Finance","Passenger vehicle","passenger vehicle get started screen","Add your basic details to check eligibility",,,,,,,,,,,
cta_pv_add_nominee,"Vehicle Finance","Passenger vehicle","passenger vehicle_insurance screen","Add nominee",,,,,,,,,,,
lbl_pv_edit_insurance_screen_mas_title2,"Vehicle Finance","Passenger vehicle","passenger vehicle_insurance screen","(Health Insurance)",,,,,,,,,,,
pv_select_verification_mode,"Vehicle Finance","Passenger vehicle",,"Select verification mode",,,,,,,,,,,
msg_pv_title_otp,"Vehicle Finance","Passenger vehicle",,"Verify with mobile OTP",,,,,,,,,,,
msg_pv_sub_title_otp,"Vehicle Finance","Passenger vehicle","passenger vehicle_income verification screen","Quick & secure way to verify your income through mobile OTP and RBI-reguated Account Aggregator",,,,,,,,,,,
msg_pv_title_net_banking,"Vehicle Finance","Passenger vehicle","passenger vehicle_income verification screen","Net banking",,,,,,,,,,,
msg_pv_title_upload_manually,"Vehicle Finance","Passenger vehicle","passenger vehicle_income verification screen","Upload manually",,,,,,,,,,,
lbl_provision_sanction_letter,"Vehicle Finance","Passenger vehicle","passenger vehicle provisional sanction letter","Acknowledgement Letter",,,,,,,,,,,
msg_provision_sanction_letter,"Vehicle Finance","Passenger vehicle","passenger vehicle provisional sanction letter","Please view your provisional Acknowledgement Letter .........",,,,,,,,,,,
cta_view_sanction_letter,"Vehicle Finance","Passenger vehicle","passenger vehicle provisional sanction letter","View Acknowledgement Letter",,,,,,,,,,,
success_face_match,"Vehicle Finance","Passenger vehicle","passenger vehicle provisional sanction letter","Facial recognition successful",,,,,,,,,,,
pv_loan_detail_review,"Vehicle Finance","Passenger vehicle","passenger vehicle_loan detail review","Review your application to generate acknowledgement letter",,,,,,,,,,,
pv_rto,"Vehicle Finance","Passenger vehicle","passenger vehicle_loan detail review",RTO,,,,,,,,,,,
pv_mahindra_loan_premium,"Vehicle Finance","Passenger vehicle","passenger vehicle_loan detail review","Mahindra Loan Surksha premium",,,,,,,,,,,
pv_mahindra_arogya_premium,"Vehicle Finance","Passenger vehicle","passenger vehicle_loan detail review","Mahindra Aarogya Surksha premium",,,,,,,,,,,
pv_stamp_duty_fees,"Vehicle Finance","Passenger vehicle","passenger vehicle_loan detail review","Stamp duty fees",,,,,,,,,,,
pv_dealer,"Vehicle Finance","Passenger vehicle","passenger vehicle_loan detail review",Dealer,,,,,,,,,,,
pv_email_address,"Vehicle Finance","Passenger vehicle","passenger vehicle_loan detail review","Email address",,,,,,,,,,,
pv_bottom_sheet_txt,"Vehicle Finance","Passenger vehicle","passenger vehicle_loan detail review","On editing the car and dealer details, you may have a revised loan offer",,,,,,,,,,,
pv_want_to_edit,"Vehicle Finance","Passenger vehicle","passenger vehicle_loan detail review","I want to edit",,,,,,,,,,,
lbl_did_you_know_subtext2,"Vehicle Finance","Passenger vehicle","passenger vehicle_new car loan_add co applicant gaurantor screen","simple. Just provide Name, DOB and PAN",,,,,,,,,,,
lbl_did_you_know_subtext3,"Vehicle Finance","Passenger vehicle","passenger vehicle_new car loan_add co applicant gaurantor screen","to add person as your guarantor or co-",,,,,,,,,,,
lbl_did_you_know_subtext4,"Vehicle Finance","Passenger vehicle","passenger vehicle_new car loan_add co applicant gaurantor screen","to add person as your guarantor or co-\napplicant.",,,,,,,,,,,
lbl_did_you_know_subtext5,"Vehicle Finance","Passenger vehicle","passenger vehicle_new car loan_add co applicant gaurantor screen",applicant,,,,,,,,,,,
lbl_pv_no_of_years_communication_text,"Vehicle Finance","Passenger vehicle","passenger vehicle_existing_customer screen","No. of years at communication address",,,,,,,,,,,
lbl_pv_updated_loan_offer_funding_label,"Vehicle Finance","Passenger vehicle","passenger vehicle_insurance review screen","Funding on car",,,,,,,,,,,
lbl_pv_updated_loan_offer_mls,"Vehicle Finance","Passenger vehicle","passenger vehicle_insurance review screen","Mahindra Loan Suraksha",,,,,,,,,,,
lbl_pv_updated_loan_offer_in_months,"Vehicle Finance","Passenger vehicle","passenger vehicle_insurance review screen","(in months)",,,,,,,,,,,
cta_pv_updated_loan_offer_continue,"Vehicle Finance","Passenger vehicle","passenger vehicle_insurance review screen",Continue,,,,,,,,,,,
cta_pv_updated_loan_offer_add_mls,"Vehicle Finance","Passenger vehicle","passenger vehicle_insurance review screen",Add,,,,,,,,,,,
pv_individual_radio_text,"Vehicle Finance","Passenger vehicle","passenger vehicle_mas insurance screen",Individual,,,,,,,,,,,
pv_lbl_mls_insurance_consent2,"Vehicle Finance","Passenger vehicle","passenger vehicle_mas insurance screen","terms and conditions",,,,,,,,,,,
pv_lbl_play_family_construct,"Vehicle Finance","Passenger vehicle","passenger vehicle_mas insurance screen","Plan Family Construct",,,,,,,,,,,
err_msg_future_dob,"Vehicle Finance","Passenger vehicle","passenger vehicle pan validation","Date cannot be in future",,,,,,,,,,,
cta_pv_fi_thank_you_screen_additional_details,"Vehicle Finance","Passenger vehicle","passenger vehicle field_investigation_screen","Add additional details",,,,,,,,,,,
lbl_pv_fi_additional_detail_screen_header,"Vehicle Finance","Passenger vehicle","passenger vehicle field_investigation_screen","Provide additional details below to fast-track your application",,,,,,,,,,,
lbl_pv_fi_additional_detail_screen_upload_doc1_txt,"Vehicle Finance","Passenger vehicle",,"Margin Amount receipt",,,,,,,,,,,
err_msg_pv_pan_retry_part_one,"Vehicle Finance","Passenger vehicle","passenger vehicle pan validation","We are unable to validate PAN. Please try again.",,,,,,,,,,,
lbl_pv_pan,"Vehicle Finance","Passenger vehicle","passenger vehicle pan validation",PAN,PAN,PAN,PAN,PAN,PAN,PAN,PAN,PAN,PAN,PAN,PAN
lbl_pv_pan_name,"Vehicle Finance","Passenger vehicle","passenger vehicle pan validation","Full name (as per PAN)",,,,,,,,,,,
lbl_pv_mas_insurer,"Vehicle Finance","Passenger vehicle","passenger vehicle_insurance screen",Insurer,,,,,,,,,,,
lbl_pv_coapp_pan,"Vehicle Finance","Passenger vehicle","passenger vehicle_new car loan_add co applicant gaurantor screen",PAN,,,,,,,,,,,
lbl_vl_vkyc_tnc_disclaimer_label,"Vehicle Finance","Passenger vehicle","passenger vehicle_liveliness vkyc screen","disclaimer text",,,,,,,,,,,
err_msg_dob_pv_max_age,"Vehicle Finance","Passenger vehicle","passenger vehicle pan validation","Age cannot be more than 75 years",,,,,,,,,,,
pv_err_range,"Vehicle Finance","Passenger vehicle","passenger vehicle offer review screen","Amount should less than #5L and more than #25K",,,,,,,,,,,
cta_pv_fi_add_detail_screen_add_txt,"Vehicle Finance","Passenger vehicle","passenger vehicle field_investigation_screen",Add,,,,,,,,,,,
lbl_pv_fi_add_detail_screen_btm_mobile_number_txt,"Vehicle Finance","Passenger vehicle","passenger vehicle field_investigation_screen","Mobile Number",,,,,,,,,,,
cta_pv_fi_add_detail_screen_btm_save_txt,"Vehicle Finance","Passenger vehicle","passenger vehicle field_investigation_screen",Save,,,,,,,,,,,
lbl_pv_fi_add_detail_screen_other_details_txt,"Vehicle Finance","Passenger vehicle","passenger vehicle field_investigation_screen","Other details",,,,,,,,,,,
lbl_pv_fi_add_detail_screen_upload_doc_txt,"Vehicle Finance","Passenger vehicle","passenger vehicle field_investigation_screen","Upload documents",,,,,,,,,,,
lbl_pv_fi_add_detail_screen_upload_doc1_txt,"Vehicle Finance","Passenger vehicle","passenger vehicle field_investigation_screen","Margin Amount receipt",,,,,,,,,,,
cta_pv_fi_add_detail_screen_btm_continue_txt,"Vehicle Finance","Passenger vehicle","passenger vehicle field_investigation_screen",Continue,,,,,,,,,,,
pv_error_emi,"Vehicle Finance","Passenger vehicle","passenger vehicle personal employment details screen","EMI cannot exceed more than",,,,,,,,,,,
lbl_add_pv,"Vehicle Finance","Passenger vehicle","passenger vehicle_new car loan_add co applicant gaurantor screen",Add,,,,,,,,,,,
pv_salary_slip_upload_title,"Vehicle Finance","Passenger vehicle","passenger vehicle_salaryslipscreen","Upload salary slips",,,,,,,,,,,
lbl_pv_thank_you_message,"Vehicle Finance","Passenger vehicle","pv thank you screen","We were unable to process your application online. We have submitted your response to our executive who will get in touch with you to discuss further details.",,,,,,,,,,,
pv_months,"Vehicle Finance","Passenger vehicle","passenger vehicle_loan detail review",Months,,,,,,,,,,,
lbl_mobno_diff_from_applicant_msg,"Vehicle Finance","Passenger vehicle","passenger vehicle_new car loan_add co applicant gaurantor screen","Contact number should not be the same as applicant's mobile number",,,,,,,,,,,
lbl_pv_something_went_wrong_msg,"Vehicle Finance","Passenger vehicle","Api Failure Screen","Something went wrong while trying to fetch details. Please try again after sometime",,,,,,,,,,,
lbl_pv_err_exshow_price,"Vehicle Finance","Passenger vehicle","passenger vehicle offer car detail screen","Ex-showroom price cannot be empty",,,,,,,,,,,
lbl_upload_income_submit_doc,"Vehicle Finance","Passenger vehicle","passenger vehicle_insurance screen","To fast track your application, please submit your income documents",,,,,,,,,,,
cta_upload_income_submit,"Vehicle Finance","Passenger vehicle","passenger vehicle_insurance screen","Upload Documents",,,,,,,,,,,
lbl_pv_err_exshow_price_tol,"Vehicle Finance","Passenger vehicle","passenger vehicle offer car detail screen","Ex-showroom price cannot be greater than %1s and less than %2s",,,,,,,,,,,
﻿err_msg_pv_pan_retry_part_one,"Vehicle Finance","Passenger vehicle","passenger vehicle pan validation","We are unable to validate PAN. Please try again.",,,,,,,,,,,
pv_edit_car_detail_title,"Vehicle Finance","Passenger vehicle","Passenger Vehicle Loan Review Screen","Are you sure you want to edit?",,,,,,,,,,,
lbl_emi_due_date,"Vehicle Finance","Passenger vehicle","UPI Screen","EMI due date",,,,,,,,,,,
err_msg_inComeAssessment_retry_part_one,"Vehicle Finance","Passenger vehicle","BankStatement Analysis","We are unable to validate Bank Statement. Please try again. ",,,,,,,,,,,
err_msg_mls_age,"Vehicle Finance","Passenger vehicle","Mls add Insurance","Nominee age must be between %s1 and %s2",,,,,,,,,,,
msg_coapplicant_match_error_msg,"Vehicle Finance","Passenger vehicle","passenger vehicle_insurance screen","Co-applicant can't be same as applicant.",,,,,,,,,,,
msg_guarantor_match_error_msg,"Vehicle Finance","Passenger vehicle","passenger vehicle_insurance screen","Guarantor can't be same as Applicant.",,,,,,,,,,,
msg_insurance_insured_mismatch_error,"Vehicle Finance","Passenger vehicle","passenger vehicle_insurance screen","Insured cannot be similar to each other",,,,,,,,,,,
err_msg_pv_coapp_mobile_number_match_error,"Vehicle Finance","Passenger vehicle","passenger vehicle_new car loan_add co applicant gaurantor screen","Mobile number cannot be same as applicant's number",,,,,,,,,,,
err_msg_pv_coapp_match_guarantor_mobile,"Vehicle Finance","Passenger vehicle","passenger vehicle_new car loan_add co applicant gaurantor screen","Co-applicant contact number cannot be the same as guarantor's number",,,,,,,,,,,
err_msg_pv_guarantor_match_coapp_mobile,"Vehicle Finance","Passenger vehicle","passenger vehicle_new car loan_add co applicant gaurantor screen","Guarantor's contact number cannot be the same as co-applicant's number",,,,,,,,,,,
msg_pv_insaurance_enter_valid_dob,"Vehicle Finance","Passenger vehicle","passenger vehicle_insurance screen","Please enter valid date of birth",,,,,,,,,,,
lbl_pv_EstimatedLoan_validation_or_exceed,"Vehicle Finance","Passenger vehicle","passenger vehicle offer car detail screen","or exceed",,,,,,,,,,,
pv_loan_review_provide_guarantor,"Vehicle Finance","Passenger vehicle","passenger vehicle_loan detail review","Provide Guarantor details",,,,,,,,,,,
pv_loan_review_provide_coapplicant,"Vehicle Finance","Passenger vehicle","passenger vehicle_loan detail review","Provide Co-applicant details",,,,,,,,,,,
msg_pv_value_must_be_less,"Vehicle Finance","Passenger vehicle","passenger vehicle offer car detail screen","Values must be less than",,,,,,,,,,,
msg_pv_ex_show_room_discount,"Vehicle Finance","Passenger vehicle","passenger vehicle offer car detail screen","of ex-showroom price - discount",,,,,,,,,,,
msg_pv_only_ex_showroom,"Vehicle Finance","Passenger vehicle","passenger vehicle offer car detail screen","of ex-showroom price",,,,,,,,,,,
SS1015,"Vehicle Finance","Passenger vehicle","passenger vehicle_salaryslipscreen","Please enter correct password","Please enter correct password","Please enter correct password","Please enter correct password","Please enter correct password","Please enter correct password","Please enter correct password","Please enter correct password","Please enter correct password","Please enter correct password","Please enter correct password","Please enter correct password"
err_msg_no_of_vehicles_owned,"Vehicle Finance","Passenger vehicle",,"Number of vehicles owned cannot be more than 10",,,,,,,,,,,
err_msg_no_of_dependents_negative,"Vehicle Finance","Passenger vehicle",,"Number of dependents cannot be negative",,,,,,,,,,,
lbl_pv_stepper_checkbox_loan_review_description,"Vehicle Finance","Passenger vehicle","Passenger Vehicle Loan Review Screen","Please note the above approval is conditional and shall be subject to verification of certain details and applicable documents, field investigation and detailed terms and conditions mentioned in the standard loan agreement.

The final Key Fact Statement shall be issued subject above.",,,,,,,,,,,
pv_health_insurance_description,"Vehicle Finance","Passenger vehicle","fes add health insurance widget","  ",,,,,,,,,,,
"pv_health_insurance_description	","Vehicle Finance","Passenger vehicle","fes add health insurance widget","   ",,,,,,,,,,,
ITRF1016,"Vehicle Finance","Passenger vehicle","itr upload screen","The PAN number you entered doesn't match the PAN shown in the uploaded document. ",,,,,,,,,,,
ITRF1010,"Vehicle Finance","Passenger vehicle","itr upload screen","Incorrect PDF password. Please re-enter and try again.",,,,,,,,,,,
ITRF1011,"Vehicle Finance","Passenger vehicle","itr upload screen","Please upload correct ITR documents",,,,,,,,,,,
ITRF1012,"Vehicle Finance","Passenger vehicle","itr upload screen","Invalid captcha or incorrect password entered",,,,,,,,,,,
ITRF1013,"Vehicle Finance","Passenger vehicle","itr upload screen","Transaction cancelled. Please try again.",,,,,,,,,,,
ITRF1014,"Vehicle Finance","Passenger vehicle","itr upload screen","The uploaded file is password protected. Please upload a file without a password. ",,,,,,,,,,,
ITRF1015,"Vehicle Finance","Passenger vehicle","itr upload screen","Uploaded file is not a valid ITR file",,,,,,,,,,,
